Band,Sample,shapiro_p,shapiro_w,skewness,kurtosis
1,H,3.25E-15,0.921968042,1.10E+00,2.603412627
2,H,4.99E-13,0.940793243,9.18E-01,1.324467008
3,H,1.05E-11,0.950529854,7.74E-01,0.669211653
4,H,2.24E-13,0.938028621,1.05E+00,2.31499546
5,H,1.08E-14,0.926798115,1.17E+00,3.039366556
6,H,1.03E-13,0.935291072,1.04E+00,2.001428065
7,H,1.90E-13,0.937450537,9.92E-01,1.428901926
8,H,4.50E-14,0.93224416,1.05E+00,1.810556596
9,H,1.65E-14,0.928447931,1.15E+00,2.279241743
10,H,5.84E-14,0.933204504,1.04E+00,1.66679642
11,H,4.95E-15,0.923677879,1.19E+00,2.435872552
12,H,6.79E-14,0.93376202,1.02E+00,1.333823449
13,H,5.83E-14,0.933202367,1.07E+00,2.024525933
14,H,1.99E-14,0.929148381,1.13E+00,2.394899027
15,H,1.30E-14,0.927510132,1.13E+00,2.290283059
16,H,9.41E-15,0.926244056,1.21E+00,3.118552856
17,H,2.53E-14,0.930074879,1.10E+00,2.074288019
18,H,1.54E-14,0.928173216,1.10E+00,2.016087525
19,H,3.05E-14,0.93077778,1.09E+00,1.928291455
20,H,2.53E-14,0.930076217,1.14E+00,2.624212024
21,H,1.65E-14,0.928429905,1.12E+00,2.50939693
22,H,3.01E-14,0.93072825,1.13E+00,2.594506697
23,H,1.64E-13,0.936929384,1.05E+00,1.958222826
24,H,8.23E-14,0.934463161,1.06E+00,1.973135945
25,H,1.47E-14,0.927977369,1.17E+00,2.668286683
26,H,2.20E-13,0.937968019,1.07E+00,2.403989136
27,H,2.18E-14,0.929501985,1.12E+00,2.216065533
28,H,6.44E-14,0.933568278,1.12E+00,2.5652553
29,H,5.22E-13,0.940944082,9.80E-01,1.428491423
30,H,8.60E-14,0.934621647,1.09E+00,2.21257674
31,H,7.08E-14,0.933911191,1.10E+00,2.436134413
32,H,8.50E-14,0.934578122,1.06E+00,1.872272389
33,H,1.22E-13,0.935879701,1.05E+00,1.951438549
34,H,2.13E-13,0.937851894,1.04E+00,1.997489039
35,H,1.22E-13,0.935882008,1.09E+00,2.293915173
36,H,2.15E-13,0.937892423,1.03E+00,1.727680031
37,H,1.23E-13,0.935911575,1.08E+00,2.103497416
38,H,5.02E-13,0.940816369,1.01E+00,1.704598208
39,H,1.40E-13,0.936365154,1.09E+00,2.333236373
40,H,9.18E-13,0.942839638,9.87E-01,1.7741193
41,H,2.45E-13,0.938343149,1.04E+00,1.988429141
42,H,1.34E-12,0.944083934,9.84E-01,1.770356267
43,H,3.52E-13,0.939605208,1.04E+00,1.911011479
44,H,1.20E-13,0.935813486,1.09E+00,2.392177238
45,H,8.55E-14,0.93459807,1.09E+00,2.2492373
46,H,1.20E-13,0.935829214,1.08E+00,2.16693912
47,H,7.68E-14,0.934208565,1.11E+00,2.487410063
48,H,2.05E-14,0.929272082,1.18E+00,2.740798587
49,H,9.80E-15,0.926405203,1.19E+00,2.778552121
50,H,3.11E-14,0.930858677,1.14E+00,2.569377929
51,H,1.44E-14,0.927902424,1.19E+00,2.727424482
52,H,1.35E-14,0.927653503,1.17E+00,2.731261272
53,H,1.15E-14,0.927024452,1.18E+00,2.737795345
54,H,1.55E-14,0.92818795,1.19E+00,2.809493695
55,H,3.78E-14,0.93158651,1.11E+00,2.085752158
56,H,4.18E-14,0.9319694,1.12E+00,2.298537459
57,H,6.48E-14,0.933587886,1.09E+00,2.182978623
58,H,7.50E-14,0.934122582,1.07E+00,2.041769975
59,H,1.94E-14,0.92905284,1.17E+00,2.683911549
60,H,6.52E-14,0.933608968,1.10E+00,2.308350982
61,H,6.78E-14,0.933752398,1.10E+00,2.429250675
62,H,1.21E-13,0.935850705,1.06E+00,1.970361457
63,H,8.47E-14,0.934567403,1.09E+00,2.195169674
64,H,1.09E-13,0.935464686,1.07E+00,2.090924434
65,H,6.29E-14,0.933481596,1.10E+00,2.230481318
66,H,5.72E-14,0.933127444,1.10E+00,2.339512107
67,H,3.14E-14,0.930894422,1.13E+00,2.503341367
68,H,7.32E-14,0.934034406,1.09E+00,2.245715817
69,H,7.02E-14,0.933881072,1.08E+00,2.126332696
70,H,3.31E-14,0.931090675,1.14E+00,2.504477003
71,H,1.01E-13,0.93519752,1.06E+00,1.984028381
72,H,1.58E-13,0.936794064,1.04E+00,1.874656081
73,H,2.77E-13,0.938774623,1.02E+00,1.837829823
74,H,3.11E-12,0.94678751,8.88E-01,1.091551343
75,H,1.06E-11,0.950574521,8.32E-01,0.835395617
76,H,3.96E-11,0.95443164,7.67E-01,0.56108064
77,H,2.41E-10,0.959403443,6.66E-01,0.15689912
78,H,1.13E-09,0.963373963,6.08E-01,0.002381475
79,H,7.03E-09,0.967741859,5.32E-01,-0.238284755
80,H,6.26E-09,0.967473289,5.30E-01,-0.260318394
81,H,1.36E-08,0.969235996,4.48E-01,-0.464932971
82,H,2.69E-08,0.970742172,4.40E-01,-0.465570113
83,H,3.55E-08,0.971342588,4.00E-01,-0.586295351
84,H,3.33E-08,0.971203033,3.93E-01,-0.585493012
85,H,5.70E-08,0.972344326,3.51E-01,-0.656947486
86,H,5.23E-08,0.972163602,3.43E-01,-0.665665445
87,H,1.14E-07,0.973774859,3.15E-01,-0.698575666
88,H,6.37E-08,0.972579502,3.35E-01,-0.67064165
89,H,9.67E-08,0.97344314,3.05E-01,-0.719465584
90,H,8.75E-08,0.973237923,3.07E-01,-0.725159416
91,H,8.82E-08,0.973254101,2.93E-01,-0.766669019
92,H,1.22E-07,0.973925367,2.76E-01,-0.789159483
93,H,1.18E-07,0.973845155,2.81E-01,-0.766836474
94,H,1.60E-07,0.974460847,2.81E-01,-0.760318086
95,H,2.26E-07,0.975153839,2.78E-01,-0.741076551
96,H,4.86E-07,0.97664601,2.86E-01,-0.731001355
97,H,6.78E-07,0.97727751,2.63E-01,-0.735503648
98,H,4.06E-07,0.976297377,2.64E-01,-0.751881007
99,H,6.51E-07,0.977199862,2.51E-01,-0.75528193
100,H,6.50E-07,0.977197974,2.58E-01,-0.750019185
101,H,9.94E-07,0.977991484,2.38E-01,-0.749307775
102,H,1.71E-06,0.978982236,2.40E-01,-0.734887651
103,H,3.98E-06,0.980480116,2.46E-01,-0.683182123
104,H,3.39E-06,0.980202553,2.35E-01,-0.691454201
105,H,4.11E-06,0.980536412,2.29E-01,-0.717679004
106,H,9.01E-06,0.981877427,2.23E-01,-0.694565728
107,H,1.20E-05,0.982349177,2.19E-01,-0.678434829
108,H,1.75E-05,0.982976742,2.24E-01,-0.668015652
109,H,2.70E-05,0.983673055,2.20E-01,-0.638485451
110,H,2.16E-05,0.983313323,2.21E-01,-0.646704968
111,H,4.08E-05,0.984325227,2.09E-01,-0.635833744
112,H,5.62E-05,0.984824242,2.13E-01,-0.620731553
113,H,6.93E-05,0.985144683,2.07E-01,-0.603350321
114,H,9.47E-05,0.985619577,2.00E-01,-0.62515625
115,H,9.78E-05,0.9856686,1.90E-01,-0.602860326
116,H,0.000104517,0.985767742,0.188214555,-0.618402369
117,H,0.00013346,0.986132754,0.194841513,-0.578622267
118,H,0.000162928,0.986427715,0.183354053,-0.608794483
119,H,0.000231213,0.986938979,0.186800852,-0.590922153
120,H,0.000299592,0.987312357,0.196854158,-0.566181726
121,H,0.000395053,0.987706338,0.196286206,-0.538247878
122,H,0.000372134,0.987621608,0.185709649,-0.55763945
123,H,0.000506891,0.988057379,0.187774808,-0.520834785
124,H,0.000821953,0.988727539,0.180003373,-0.523607998
125,H,0.001019481,0.989021751,0.17054592,-0.537672105
126,H,0.001045583,0.989056115,0.17270732,-0.505908611
127,H,0.001708724,0.989716755,0.158059477,-0.539627908
128,H,0.001648222,0.989668712,0.169610886,-0.513183367
129,H,0.001643102,0.989664562,0.156328211,-0.509354996
130,H,0.002106965,0.989994601,0.163108541,-0.479563547
131,H,0.00459398,0.991009057,0.15349698,-0.491833239
132,H,0.004125422,0.99087078,0.157311104,-0.458714186
133,H,0.01086668,0.992097946,0.144241495,-0.445514489
134,H,0.007359065,0.991608706,0.142090914,-0.470983942
135,H,0.008844945,0.991840273,0.157135678,-0.432362312
136,H,0.018470017,0.992755355,0.136176237,-0.427491225
137,H,0.014705194,0.992473917,0.130021609,-0.442275938
138,H,0.012687212,0.992290837,0.136654572,-0.424735894
139,H,0.020177353,0.99286413,0.125190399,-0.4108104
140,H,0.015828373,0.992564956,0.140443652,-0.393704334
141,H,0.026402379,0.993193822,0.145180649,-0.367090213
142,H,0.056579531,0.99412276,0.128019211,-0.368651718
143,H,0.047273682,0.993904057,0.146857706,-0.343872617
144,H,0.043463332,0.993801777,0.130295803,-0.35760757
145,H,0.056062716,0.994111589,0.1311776,-0.342846256
146,H,0.109072228,0.994925574,0.126015506,-0.333042601
147,H,0.064731961,0.994286704,0.122277555,-0.330533238
148,H,0.117119982,0.995013496,0.126737135,-0.316558888
149,H,0.074253614,0.994454076,0.125398531,-0.319316144
150,H,0.068477517,0.994355273,0.131864496,-0.342560383
151,H,0.062738969,0.9942486,0.122845229,-0.338100047
152,H,0.099300364,0.99481001,0.126327146,-0.291504101
153,H,0.129502593,0.995138096,0.118551878,-0.309463894
154,H,0.086831579,0.994645394,0.136337824,-0.324349329
155,H,0.174371732,0.995511185,0.112704869,-0.285275805
156,H,0.172807906,0.995499771,0.111400513,-0.32449207
157,H,0.101696821,0.994839335,0.116831539,-0.306496958
158,H,0.087143348,0.994649783,0.122741051,-0.317948779
159,H,0.14541163,0.995282557,0.137579922,-0.253683814
160,H,0.149067892,0.995313647,0.115966603,-0.34372058
161,H,0.196973748,0.99566649,0.131438721,-0.267857188
162,H,0.139646891,0.995232014,0.14470902,-0.284415238
163,H,0.188320486,0.995609044,0.141255061,-0.252513644
164,H,0.155568964,0.995367209,0.139108725,-0.294571777
165,H,0.170172691,0.995480321,0.122877337,-0.300304343
166,H,0.199599515,0.995683471,0.141548533,-0.259243498
167,H,0.110592905,0.994942654,0.151104495,-0.302904394
168,H,0.168699919,0.995469329,0.152242804,-0.263679512
169,H,0.155801726,0.995369088,0.143302119,-0.278836551
170,H,0.331842244,0.996358319,0.134832135,-0.252448761
171,H,0.084243756,0.994608354,0.172724221,-0.265782634
172,H,0.128723402,0.995130596,0.155994148,-0.268016084
173,H,0.074054974,0.994450806,0.172369182,-0.268047193
174,H,0.096558448,0.994775605,0.182966584,-0.216522861
175,H,0.120085879,0.995044446,0.158128116,-0.277825565
176,H,0.069169421,0.994367533,0.159305466,-0.307510774
177,H,0.082903922,0.994588738,0.177459243,-0.23692944
178,H,0.0712429,0.994403561,0.195266209,-0.234378075
179,H,0.084080425,0.994605979,0.185635648,-0.226714271
180,H,0.104027191,0.994867218,0.18561243,-0.251375338
181,H,0.165343554,0.995443946,0.168331019,-0.213149524
182,H,0.070956992,0.994398655,0.189943789,-0.245851772
183,H,0.09505651,0.994756355,0.174876761,-0.284888122
184,H,0.043975665,0.993816042,0.206928631,-0.219563588
185,H,0.121873202,0.995062747,0.179441334,-0.245779239
186,H,0.079482259,0.994537198,0.207993916,-0.242227987
187,H,0.096643242,0.994776683,0.184786475,-0.295909237
188,H,0.106384298,0.994894814,0.173705392,-0.242057874
189,H,0.057801542,0.994148775,0.202351744,-0.267438178
190,H,0.034201415,0.993509862,0.209601148,-0.264513671
191,H,0.119219203,0.995035478,0.204936938,-0.16848901
192,H,0.079982688,0.99454487,0.21201002,-0.242167895
193,H,0.048183096,0.993927246,0.204365854,-0.266746166
194,H,0.08500362,0.994619344,0.192330765,-0.243556054
195,H,0.037447017,0.993620353,0.198713732,-0.323343348
196,H,0.083648227,0.994599673,0.187022111,-0.254717639
197,H,0.087962676,0.994661246,0.20160226,-0.26559731
198,H,0.033800556,0.993495487,0.219109928,-0.323876792
199,H,0.107879076,0.994912011,0.183668222,-0.192551374
200,H,0.1776126,0.995534543,0.180488711,-0.284792082
201,H,0.076775358,0.994494859,0.202727053,-0.252983299
202,H,0.168616245,0.995468702,0.16180162,-0.272159694
203,H,0.047366076,0.993906434,0.135930002,-0.433032305
204,H,0.115510406,0.994996385,0.159506354,-0.319449128
205,H,0.065852837,0.994307626,0.161355993,-0.344101309
206,H,0.101736745,0.994839818,0.191979264,-0.255759231
207,H,0.089183203,0.99467813,0.157569459,-0.386003698
208,H,0.147525147,0.995300617,0.157343554,-0.289313239
209,H,0.078433827,0.99452097,0.201771736,-0.292796218
210,H,0.075983132,0.99448219,0.213716062,-0.248071927
211,H,0.130164227,0.99514443,0.189813849,-0.284748954
212,H,0.080530657,0.994553217,0.167524265,-0.351705435
213,H,0.071963193,0.994415835,0.134839398,-0.406811842
214,H,0.072176965,0.994419454,0.181383137,-0.318469841
215,H,0.228019672,0.995855521,0.142148348,-0.284175782
216,H,0.11215264,0.994959941,0.112865005,-0.450440894
217,H,0.108968368,0.994924399,0.186891249,-0.284877277
218,H,0.111440748,0.99495208,0.179438631,-0.319957662
219,H,0.13394003,0.995180004,0.16345765,-0.297943209
220,H,0.069858375,0.994379621,0.171423135,-0.300564751
221,H,0.145009313,0.995279091,0.169275031,-0.30129591
222,H,0.169067641,0.995472082,0.15953027,-0.332583236
223,H,0.030092104,0.993353685,0.226044282,-0.13637465
224,H,0.102079383,0.994843955,0.172967293,-0.239441837
225,H,0.062974168,0.994253159,0.21896291,-0.242410443
226,H,0.044946626,0.993842623,0.217974455,-0.223760729
227,H,0.267013911,0.996063318,0.135319571,-0.28095825
228,H,0.218152256,0.995798058,0.18604245,-0.170185849
229,H,0.115792007,0.994999395,0.208047061,-0.145928626
230,H,0.032864044,0.993461219,0.229510475,-0.155796899
231,H,0.173564621,0.995505306,0.154369127,-0.242395054
232,H,0.270150608,0.996078881,0.152466932,-0.261087672
233,H,0.052514478,0.994032006,0.215770528,-0.27988191
234,H,0.044289496,0.993824697,0.188043452,-0.319975819
235,H,0.021044261,0.992915817,0.230333458,-0.281113864
236,H,0.043746579,0.993809684,0.225330541,-0.237034803
237,H,0.03145969,0.993407938,0.280844409,-0.062910775
238,H,0.020926511,0.992908925,0.218217262,-0.376271754
239,H,0.003725798,0.990739325,0.281369515,-0.319610898
240,H,0.039002358,0.993669923,0.269058097,-0.159323679
241,H,0.004082437,0.990857288,0.305302442,-0.241453029
242,H,0.009055182,0.991869756,0.276457915,-0.267809693
243,H,0.00638024,0.991428062,0.30596422,-0.205010581
244,H,0.006598449,0.9914707,0.311345872,-0.140511242
245,H,0.023525389,0.993052555,0.260416437,-0.227714781
246,H,0.004806715,0.991067085,0.298311565,-0.209912268
247,H,0.011343792,0.992151539,0.268847278,-0.243374687
248,H,0.000767227,0.988632852,0.262156697,-0.356529342
249,H,0.002474448,0.990206276,0.339598121,-0.117150046
250,H,7.99E-05,0.985363019,3.58E-01,-0.20011719
251,H,0.000115982,0.985923647,0.388230372,-0.05515272
252,H,0.000885175,0.988829068,0.307672083,-0.203610365
253,H,0.012342445,0.992256588,0.311322825,-0.114914774
254,H,0.004449906,0.990968156,0.306418907,-0.188212475
255,H,0.020759622,0.99289909,0.259160244,-0.25934055
256,H,0.067432507,0.994336522,0.227369037,-0.20009156
257,H,0.00593277,0.991335705,0.231497601,-0.361990617
258,H,0.255553893,0.99600511,0.19759133,-0.149380593
259,H,0.001999055,0.989925091,0.287181782,-0.194737054
260,H,0.002650813,0.990296525,0.240815783,-0.393779401
1,SCC,1.58E-14,0.931912744,9.79E-01,1.244306515
2,SCC,5.56E-13,0.94412393,8.85E-01,0.929561473
3,SCC,3.21E-14,0.934472074,9.92E-01,1.405876486
4,SCC,1.08E-13,0.938714629,9.06E-01,1.120509819
5,SCC,2.16E-15,0.924336642,1.06E+00,1.484644866
6,SCC,8.94E-15,0.929801136,1.06E+00,2.013694279
7,SCC,2.64E-15,0.925137553,9.78E-01,0.932455112
8,SCC,2.42E-15,0.924787524,1.11E+00,1.98469031
9,SCC,1.80E-16,0.914090824,1.26E+00,2.959625667
10,SCC,1.13E-14,0.930685903,9.68E-01,1.110037604
11,SCC,7.75E-15,0.929263203,9.71E-01,0.956321726
12,SCC,3.02E-14,0.934255343,9.27E-01,0.878125334
13,SCC,3.05E-15,0.925699851,1.00E+00,1.343407343
14,SCC,2.93E-14,0.934143628,9.23E-01,0.926429702
15,SCC,5.85E-15,0.928200898,9.53E-01,0.849463213
16,SCC,4.10E-14,0.935347178,9.11E-01,0.769706078
17,SCC,6.36E-15,0.928517044,9.30E-01,0.742827053
18,SCC,5.12E-14,0.936126066,8.70E-01,0.584092901
19,SCC,1.71E-14,0.932209182,9.19E-01,0.737086103
20,SCC,4.80E-15,0.927449093,9.37E-01,0.571001566
21,SCC,1.91E-14,0.932606679,9.20E-01,0.86485874
22,SCC,3.17E-14,0.934430027,8.90E-01,0.80671544
23,SCC,2.26E-14,0.933221512,8.96E-01,0.587044394
24,SCC,1.47E-14,0.931645923,9.13E-01,0.57605317
25,SCC,5.40E-15,0.927899848,9.42E-01,0.75906169
26,SCC,1.42E-14,0.931526794,9.07E-01,0.689673777
27,SCC,1.18E-14,0.930844857,9.24E-01,0.696056318
28,SCC,4.26E-14,0.935480844,8.96E-01,0.636967213
29,SCC,1.10E-14,0.930586531,9.13E-01,0.668710043
30,SCC,1.15E-14,0.93075475,9.37E-01,0.783225253
31,SCC,1.21E-14,0.930931956,9.54E-01,0.844750585
32,SCC,2.24E-14,0.93318578,8.92E-01,0.630164434
33,SCC,1.30E-14,0.931206647,9.10E-01,0.575448005
34,SCC,4.38E-14,0.935575708,8.75E-01,0.432015068
35,SCC,3.72E-14,0.93499518,8.91E-01,0.522749078
36,SCC,3.73E-14,0.935010277,8.97E-01,0.564427718
37,SCC,3.30E-14,0.934572374,8.74E-01,0.45279592
38,SCC,4.90E-14,0.935969706,8.70E-01,0.444753117
39,SCC,2.44E-14,0.933489531,9.14E-01,0.646489433
40,SCC,3.18E-14,0.934443331,8.79E-01,0.452131496
41,SCC,4.42E-14,0.935613568,8.82E-01,0.496769419
42,SCC,5.37E-14,0.93629598,8.80E-01,0.473824227
43,SCC,3.36E-14,0.9346346,8.72E-01,0.333577484
44,SCC,4.71E-14,0.935834961,8.94E-01,0.618348293
45,SCC,3.93E-14,0.935195181,8.68E-01,0.427666147
46,SCC,8.41E-14,0.937850896,8.41E-01,0.305359933
47,SCC,6.22E-14,0.936805468,8.72E-01,0.446007725
48,SCC,2.65E-14,0.933784546,8.63E-01,0.380703644
49,SCC,4.08E-14,0.935324443,8.89E-01,0.516585505
50,SCC,3.82E-14,0.935089908,8.54E-01,0.355665545
51,SCC,5.26E-14,0.936220235,8.78E-01,0.500090392
52,SCC,3.13E-14,0.934380065,8.89E-01,0.523115328
53,SCC,3.67E-14,0.934950514,9.00E-01,0.556640583
54,SCC,7.49E-14,0.937452983,8.60E-01,0.466775031
55,SCC,3.71E-14,0.934992535,8.83E-01,0.463446395
56,SCC,5.76E-14,0.93653758,8.68E-01,0.453407304
57,SCC,4.63E-14,0.935771798,8.81E-01,0.510861163
58,SCC,9.25E-14,0.938177472,8.53E-01,0.359103777
59,SCC,7.11E-14,0.93726986,8.49E-01,0.336948003
60,SCC,2.21E-13,0.941112801,8.10E-01,0.261861767
61,SCC,8.02E-14,0.937688318,8.40E-01,0.317354899
62,SCC,1.18E-13,0.939020474,8.23E-01,0.230671216
63,SCC,7.73E-14,0.937560999,8.27E-01,0.267785395
64,SCC,1.81E-13,0.940459023,7.92E-01,0.129193944
65,SCC,9.88E-14,0.938405509,8.31E-01,0.287566806
66,SCC,1.08E-13,0.938718954,8.20E-01,0.251193836
67,SCC,4.77E-14,0.935881671,8.27E-01,0.237547396
68,SCC,1.48E-13,0.939778128,7.73E-01,0.050749571
69,SCC,7.77E-14,0.937576417,8.20E-01,0.235853991
70,SCC,2.06E-13,0.940888298,7.91E-01,0.153833512
71,SCC,7.37E-14,0.937395609,8.19E-01,0.204786557
72,SCC,5.77E-14,0.936546399,7.78E-01,-0.011276364
73,SCC,1.26E-13,0.939236888,7.37E-01,-0.177639631
74,SCC,2.91E-13,0.942020196,7.35E-01,-0.136664484
75,SCC,1.87E-13,0.940553432,7.40E-01,-0.16497572
76,SCC,1.90E-13,0.940612206,7.29E-01,-0.224358095
77,SCC,3.38E-13,0.942514432,7.05E-01,-0.261900053
78,SCC,9.45E-13,0.945802907,6.74E-01,-0.334089817
79,SCC,1.36E-12,0.946935557,6.62E-01,-0.362867593
80,SCC,4.46E-12,0.950526944,6.45E-01,-0.352868794
81,SCC,8.73E-12,0.95248416,6.32E-01,-0.366148102
82,SCC,2.52E-11,0.955462874,6.20E-01,-0.319340337
83,SCC,6.89E-11,0.958185496,5.77E-01,-0.42435998
84,SCC,1.25E-10,0.959730533,5.68E-01,-0.4123223
85,SCC,3.35E-10,0.962239201,5.30E-01,-0.485128764
86,SCC,2.74E-10,0.961732207,5.43E-01,-0.469839174
87,SCC,7.74E-10,0.964276698,5.28E-01,-0.45959659
88,SCC,8.28E-10,0.964437105,5.09E-01,-0.501675857
89,SCC,1.38E-09,0.965651952,5.11E-01,-0.479665205
90,SCC,2.42E-09,0.966943477,4.89E-01,-0.512958241
91,SCC,4.86E-09,0.968514478,4.65E-01,-0.54516032
92,SCC,3.95E-09,0.968053671,4.80E-01,-0.514525732
93,SCC,6.11E-09,0.969019134,4.55E-01,-0.551411425
94,SCC,5.59E-09,0.968821717,4.65E-01,-0.543856217
95,SCC,1.20E-08,0.970478358,4.46E-01,-0.557776151
96,SCC,1.01E-08,0.970103238,4.52E-01,-0.554916185
97,SCC,4.20E-08,0.973079541,4.29E-01,-0.543585003
98,SCC,1.38E-08,0.970777787,4.52E-01,-0.52504347
99,SCC,4.54E-08,0.973236197,4.16E-01,-0.565896867
100,SCC,5.19E-08,0.973505046,4.43E-01,-0.505434387
101,SCC,1.06E-07,0.974914763,4.19E-01,-0.525600088
102,SCC,8.48E-08,0.974479054,4.20E-01,-0.539117231
103,SCC,1.63E-07,0.975737761,4.17E-01,-0.517205619
104,SCC,1.38E-07,0.975424438,4.25E-01,-0.500588698
105,SCC,3.22E-07,0.977021468,4.12E-01,-0.49320948
106,SCC,3.64E-07,0.97724519,4.23E-01,-0.46119226
107,SCC,5.96E-07,0.9781424,4.03E-01,-0.493546253
108,SCC,5.98E-07,0.978149316,4.17E-01,-0.45706317
109,SCC,1.18E-06,0.979360418,4.08E-01,-0.442588374
110,SCC,1.01E-06,0.979080408,4.03E-01,-0.476266069
111,SCC,2.56E-06,0.980679257,3.88E-01,-0.457507712
112,SCC,1.46E-06,0.979728844,3.99E-01,-0.457723033
113,SCC,2.57E-06,0.980686747,3.91E-01,-0.45432878
114,SCC,3.19E-06,0.981049849,3.91E-01,-0.44889996
115,SCC,6.09E-06,0.982115562,3.72E-01,-0.446821117
116,SCC,3.22E-06,0.981066902,3.84E-01,-0.449706776
117,SCC,8.35E-06,0.982623575,3.76E-01,-0.432061961
118,SCC,8.14E-06,0.98258301,3.75E-01,-0.42398598
119,SCC,2.06E-05,0.98404076,3.60E-01,-0.421205931
120,SCC,1.74E-05,0.983778885,3.69E-01,-0.400247225
121,SCC,2.38E-05,0.984256202,3.42E-01,-0.450335759
122,SCC,3.50E-05,0.984839481,3.51E-01,-0.42193512
123,SCC,4.81E-05,0.985313672,3.43E-01,-0.411424188
124,SCC,2.89E-05,0.984553089,3.50E-01,-0.426160004
125,SCC,2.99E-05,0.984602181,3.49E-01,-0.414601731
126,SCC,4.27E-05,0.98513701,3.34E-01,-0.433846119
127,SCC,6.44E-05,0.98574371,3.31E-01,-0.425357918
128,SCC,7.36E-05,0.985936237,3.35E-01,-0.400212984
129,SCC,9.37E-05,0.986284473,3.33E-01,-0.397803337
130,SCC,7.19E-05,0.985903293,3.15E-01,-0.44160872
131,SCC,0.000242257,0.987618877,0.319879504,-0.371743705
132,SCC,0.000170606,0.987132977,0.333123814,-0.356857374
133,SCC,0.000232061,0.987559696,0.313373955,-0.381657099
134,SCC,0.000277157,0.987803409,0.309451947,-0.392018023
135,SCC,0.000278411,0.987809579,0.320994935,-0.348580823
136,SCC,0.000382121,0.988239404,0.317212914,-0.351954911
137,SCC,0.000298325,0.987903863,0.321904933,-0.326995473
138,SCC,0.000568167,0.988769676,0.307648318,-0.34698028
139,SCC,0.000514646,0.98863826,0.298215957,-0.361250622
140,SCC,0.000632154,0.988910811,0.29701519,-0.367341324
141,SCC,0.000539053,0.988699875,0.303589542,-0.334426156
142,SCC,0.000644659,0.988936648,0.300360778,-0.355779936
143,SCC,0.001094504,0.989626875,0.293391284,-0.307695498
144,SCC,0.000482075,0.988551112,0.312007444,-0.311918633
145,SCC,0.000835626,0.98927687,0.301206331,-0.305667252
146,SCC,0.000574888,0.988785259,0.310413541,-0.319905024
147,SCC,0.00103879,0.989559422,0.291863753,-0.318885796
148,SCC,0.00058016,0.988797352,0.315247295,-0.315019718
149,SCC,0.000460795,0.988490794,0.315359592,-0.306733152
150,SCC,0.000540759,0.988704072,0.328702828,-0.27267911
151,SCC,0.000797446,0.989215818,0.318027472,-0.256850308
152,SCC,0.000413614,0.988345994,0.327391142,-0.274700627
153,SCC,0.000445069,0.988444318,0.323678407,-0.282737463
154,SCC,0.000461264,0.988492154,0.321814838,-0.291389782
155,SCC,0.000988634,0.989495394,0.309153738,-0.284782223
156,SCC,0.000395707,0.988286469,0.32354838,-0.293115707
157,SCC,0.000420593,0.988368468,0.324967074,-0.282190285
158,SCC,0.000430106,0.98839848,0.322690717,-0.281844402
159,SCC,0.000403914,0.988314092,0.327409158,-0.270725054
160,SCC,0.000414311,0.988348254,0.320385519,-0.276150575
161,SCC,0.000278192,0.987808502,0.337838694,-0.256099397
162,SCC,0.000213873,0.987447046,0.32718709,-0.305237847
163,SCC,0.000314981,0.987977811,0.334127209,-0.271331393
164,SCC,0.000282228,0.987828185,0.326086098,-0.280881208
165,SCC,0.000159947,0.987042758,0.332004269,-0.298667122
166,SCC,0.000353894,0.988135771,0.323068207,-0.277751924
167,SCC,0.000279484,0.987814835,0.328784547,-0.284465513
168,SCC,0.000399633,0.988299759,0.328761846,-0.270873574
169,SCC,0.000132285,0.986775713,0.351919613,-0.250060193
170,SCC,0.000216416,0.987463382,0.344143835,-0.251320425
171,SCC,0.000112584,0.986547166,0.344893018,-0.284031639
172,SCC,0.000472212,0.988523507,0.326428346,-0.277384388
173,SCC,0.000365096,0.988177896,0.338972564,-0.231476658
174,SCC,0.000163587,0.98707425,0.353921382,-0.255618217
175,SCC,0.000280757,0.987821047,0.330755258,-0.282280264
176,SCC,0.000202849,0.987373791,0.33926371,-0.305476513
177,SCC,0.000211769,0.987433376,0.345831971,-0.263128756
178,SCC,0.000323609,0.988014529,0.327806124,-0.30416237
179,SCC,0.000105736,0.986457776,0.359880575,-0.272094045
180,SCC,0.000236633,0.98758656,0.336742882,-0.31495073
181,SCC,0.000390234,0.988267714,0.335313906,-0.280292885
182,SCC,0.000145644,0.986911292,0.352200877,-0.28042766
183,SCC,0.000101502,0.986399439,0.361282677,-0.273132378
184,SCC,0.000139199,0.986847584,0.340379672,-0.330151671
185,SCC,0.000231631,0.987557141,0.345947536,-0.299747348
186,SCC,7.73E-05,0.98600863,3.70E-01,-0.309208973
187,SCC,8.29E-05,0.986109603,3.56E-01,-0.31390604
188,SCC,6.33E-05,0.985716427,3.58E-01,-0.31172635
189,SCC,0.000250577,0.987665281,0.356945665,-0.238762285
190,SCC,7.21E-05,0.985907739,3.76E-01,-0.261269084
191,SCC,8.74E-05,0.986185296,3.41E-01,-0.358132379
192,SCC,5.34E-05,0.985467628,3.46E-01,-0.375448488
193,SCC,3.35E-05,0.984774614,3.62E-01,-0.349128964
194,SCC,4.56E-05,0.985234285,3.43E-01,-0.373799737
195,SCC,5.50E-05,0.985511627,3.49E-01,-0.365702262
196,SCC,3.46E-05,0.984823776,3.84E-01,-0.296445689
197,SCC,1.82E-05,0.983843976,3.62E-01,-0.394319731
198,SCC,3.54E-05,0.984860308,3.56E-01,-0.377769256
199,SCC,3.66E-05,0.984908578,3.38E-01,-0.432388575
200,SCC,2.15E-05,0.984105204,3.46E-01,-0.454999989
201,SCC,3.81E-05,0.984967504,3.58E-01,-0.357758215
202,SCC,6.88E-05,0.985837904,3.36E-01,-0.379350597
203,SCC,5.03E-05,0.985380584,3.00E-01,-0.492434444
204,SCC,4.09E-05,0.985073385,3.10E-01,-0.486180438
205,SCC,5.14E-05,0.985410885,3.55E-01,-0.37963367
206,SCC,1.09E-05,0.983048481,3.45E-01,-0.466035928
207,SCC,1.50E-05,0.983547093,3.64E-01,-0.41459083
208,SCC,8.33E-06,0.98261837,3.72E-01,-0.407173016
209,SCC,1.48E-05,0.983522606,3.72E-01,-0.393530187
210,SCC,9.73E-05,0.986338767,3.20E-01,-0.399937871
211,SCC,7.61E-06,0.982475128,3.21E-01,-0.526991835
212,SCC,1.30E-05,0.983323207,3.39E-01,-0.456505867
213,SCC,5.50E-05,0.98551149,3.32E-01,-0.436429596
214,SCC,2.13E-05,0.984089309,3.24E-01,-0.498701776
215,SCC,8.07E-06,0.982569007,3.62E-01,-0.454692762
216,SCC,2.87E-05,0.98454046,3.58E-01,-0.390515353
217,SCC,1.28E-05,0.983297287,3.25E-01,-0.508770548
218,SCC,2.73E-05,0.984464395,3.32E-01,-0.489276468
219,SCC,9.65E-05,0.986327153,3.29E-01,-0.398086143
220,SCC,6.24E-06,0.982153847,3.61E-01,-0.469900604
221,SCC,3.61E-05,0.984885994,3.40E-01,-0.418009505
222,SCC,9.50E-05,0.986304032,3.30E-01,-0.411425365
223,SCC,2.16E-05,0.984111502,3.21E-01,-0.518837036
224,SCC,3.74E-05,0.984941863,3.08E-01,-0.520599855
225,SCC,0.000195907,0.987325494,0.317195053,-0.402903939
226,SCC,0.000158097,0.987026459,0.33854762,-0.373434306
227,SCC,0.000144845,0.986903559,0.316678818,-0.409061022
228,SCC,4.10E-05,0.985076425,3.43E-01,-0.425105446
229,SCC,9.78E-05,0.986346574,3.39E-01,-0.375528121
230,SCC,4.16E-05,0.985099464,3.21E-01,-0.461617519
231,SCC,1.86E-05,0.983877647,3.30E-01,-0.522065919
232,SCC,6.26E-06,0.98215959,3.22E-01,-0.581373661
233,SCC,4.38E-05,0.98517604,3.38E-01,-0.43837876
234,SCC,9.31E-06,0.982795998,3.51E-01,-0.487303113
235,SCC,7.06E-06,0.982354012,3.61E-01,-0.463306573
236,SCC,2.17E-06,0.980399905,3.86E-01,-0.463748768
237,SCC,2.97E-07,0.976867571,4.03E-01,-0.508086905
238,SCC,1.36E-06,0.979602608,4.17E-01,-0.414367065
239,SCC,3.34E-06,0.98112879,3.72E-01,-0.494540587
240,SCC,2.63E-07,0.976645915,4.84E-01,-0.310712059
241,SCC,2.54E-07,0.976580461,4.28E-01,-0.414635762
242,SCC,3.51E-07,0.977177441,4.54E-01,-0.342183782
243,SCC,4.21E-07,0.977512125,4.03E-01,-0.476211271
244,SCC,4.72E-08,0.973315412,4.98E-01,-0.281388526
245,SCC,3.09E-08,0.972458126,4.58E-01,-0.426596759
246,SCC,6.23E-07,0.978222567,4.29E-01,-0.401765023
247,SCC,5.22E-06,0.981863021,3.87E-01,-0.388714384
248,SCC,9.08E-08,0.974612485,4.78E-01,-0.35914166
249,SCC,3.58E-06,0.981243542,3.44E-01,-0.526700683
250,SCC,5.26E-08,0.973533544,4.82E-01,-0.376077972
251,SCC,1.16E-06,0.979324401,4.31E-01,-0.375974079
252,SCC,5.07E-08,0.973459271,5.05E-01,-0.269650682
253,SCC,9.57E-07,0.978986369,4.19E-01,-0.438382661
254,SCC,7.44E-06,0.982437041,4.32E-01,-0.246214519
255,SCC,1.70E-07,0.975819453,4.66E-01,-0.354211703
256,SCC,1.10E-06,0.979224767,3.52E-01,-0.583270601
257,SCC,1.47E-07,0.97554859,4.08E-01,-0.530603702
258,SCC,4.14E-06,0.981482652,4.38E-01,-0.203164448
259,SCC,7.28E-07,0.978501542,4.40E-01,-0.392815357
260,SCC,4.10E-08,0.973032889,5.03E-01,-0.351056751
1,BCC,8.73E-13,0.94455204,7.20E-01,0.050403938
2,BCC,1.10E-11,0.952275924,7.30E-01,0.320189381
3,BCC,1.01E-11,0.95205253,7.10E-01,0.408318956
4,BCC,8.09E-11,0.957853799,6.42E-01,0.057345224
5,BCC,3.58E-11,0.955635134,7.41E-01,0.475288096
6,BCC,3.29E-12,0.948701086,8.49E-01,0.788878938
7,BCC,1.24E-11,0.952625586,8.07E-01,0.787374248
8,BCC,2.75E-11,0.954894401,6.94E-01,0.012312352
9,BCC,8.53E-13,0.944476494,8.72E-01,0.522742359
10,BCC,7.30E-13,0.943973703,9.34E-01,1.021534478
11,BCC,6.80E-12,0.950878361,8.21E-01,0.511242158
12,BCC,3.21E-12,0.948626846,8.11E-01,0.335012415
13,BCC,1.19E-13,0.937901906,9.69E-01,0.983985322
14,BCC,3.54E-12,0.948918247,8.23E-01,0.365904005
15,BCC,5.73E-13,0.94319155,9.48E-01,1.017370512
16,BCC,3.17E-13,0.941232931,9.38E-01,0.78199044
17,BCC,6.69E-13,0.943692425,9.08E-01,0.685078835
18,BCC,1.16E-12,0.945456749,8.98E-01,0.740242161
19,BCC,5.06E-13,0.942784801,9.34E-01,0.846717941
20,BCC,9.96E-13,0.944972619,9.30E-01,0.869812641
21,BCC,5.90E-13,0.943285451,9.24E-01,0.775311287
22,BCC,4.89E-12,0.949893324,8.71E-01,0.730841435
23,BCC,7.59E-13,0.944100321,9.39E-01,0.925001424
24,BCC,4.08E-13,0.942072874,9.59E-01,0.963174961
25,BCC,5.93E-13,0.943303644,9.50E-01,0.931183581
26,BCC,9.29E-13,0.944751693,9.32E-01,0.873967864
27,BCC,1.11E-12,0.945315301,9.37E-01,0.889007979
28,BCC,6.40E-12,0.950696631,8.85E-01,0.770568579
29,BCC,8.84E-13,0.944592198,9.42E-01,0.901561653
30,BCC,1.55E-12,0.946364553,9.29E-01,0.88387408
31,BCC,2.80E-12,0.948201145,9.15E-01,0.888495272
32,BCC,2.64E-12,0.948025551,9.10E-01,0.844867405
33,BCC,1.74E-12,0.946740051,9.09E-01,0.742782319
34,BCC,8.74E-12,0.951616213,8.69E-01,0.680843244
35,BCC,4.95E-13,0.942712857,9.55E-01,0.883454575
36,BCC,3.63E-12,0.948998716,8.80E-01,0.665057517
37,BCC,3.02E-12,0.94843712,9.11E-01,0.856714365
38,BCC,4.81E-12,0.949847293,8.92E-01,0.776560757
39,BCC,4.56E-12,0.949686594,8.82E-01,0.708354317
40,BCC,5.20E-12,0.950078864,8.99E-01,0.88545573
41,BCC,1.28E-11,0.952715744,8.42E-01,0.565288478
42,BCC,1.01E-11,0.952027015,8.85E-01,0.812432657
43,BCC,2.75E-12,0.948144445,9.16E-01,0.872692966
44,BCC,4.69E-12,0.949772063,9.06E-01,0.850830807
45,BCC,3.80E-12,0.949136999,9.09E-01,0.880696703
46,BCC,5.10E-12,0.950018761,8.75E-01,0.642192513
47,BCC,2.83E-12,0.948235815,9.04E-01,0.788524289
48,BCC,4.89E-12,0.949892859,9.06E-01,0.892317402
49,BCC,2.14E-12,0.947369646,9.31E-01,0.938663247
50,BCC,1.62E-12,0.946510277,9.55E-01,1.047324706
51,BCC,4.04E-12,0.94931746,9.02E-01,0.812376848
52,BCC,1.07E-11,0.952213253,8.73E-01,0.715071565
53,BCC,3.71E-12,0.949064198,9.23E-01,0.951606371
54,BCC,1.32E-11,0.952802863,8.57E-01,0.659742997
55,BCC,2.01E-12,0.947185321,9.52E-01,1.06102933
56,BCC,2.63E-11,0.954773002,8.56E-01,0.727617388
57,BCC,1.42E-11,0.953023242,8.42E-01,0.554038792
58,BCC,2.03E-11,0.954048437,8.55E-01,0.681527826
59,BCC,7.19E-12,0.951040564,8.57E-01,0.561768847
60,BCC,3.14E-11,0.955270019,8.44E-01,0.674514168
61,BCC,2.19E-11,0.954256954,8.50E-01,0.660529299
62,BCC,2.88E-11,0.955023115,8.25E-01,0.538454567
63,BCC,1.22E-11,0.952588639,8.64E-01,0.676181694
64,BCC,4.15E-11,0.956042386,8.38E-01,0.690651847
65,BCC,2.83E-11,0.954977648,8.29E-01,0.575698464
66,BCC,2.23E-11,0.954309384,8.59E-01,0.721179481
67,BCC,1.33E-11,0.952837145,8.59E-01,0.672195479
68,BCC,2.39E-11,0.954509896,8.42E-01,0.616164166
69,BCC,8.34E-12,0.951478908,8.69E-01,0.667211122
70,BCC,1.28E-11,0.952735428,8.73E-01,0.729908137
71,BCC,1.06E-11,0.9521924,8.67E-01,0.702079558
72,BCC,1.87E-11,0.953807888,8.52E-01,0.638560144
73,BCC,1.40E-11,0.952983282,8.62E-01,0.710726392
74,BCC,6.10E-11,0.957093487,8.15E-01,0.573756882
75,BCC,1.84E-10,0.960020425,7.83E-01,0.503969815
76,BCC,2.75E-10,0.961048519,7.64E-01,0.447964158
77,BCC,5.07E-10,0.962589113,7.63E-01,0.494798434
78,BCC,1.06E-09,0.964395302,7.43E-01,0.448668902
79,BCC,1.52E-09,0.96524739,7.28E-01,0.385460017
80,BCC,2.11E-09,0.966027016,7.21E-01,0.379607101
81,BCC,6.23E-09,0.968502095,6.68E-01,0.181730773
82,BCC,7.22E-09,0.968832546,6.72E-01,0.245716665
83,BCC,2.68E-08,0.971664328,6.28E-01,0.123537798
84,BCC,1.23E-08,0.970010366,6.52E-01,0.177384938
85,BCC,9.68E-08,0.974288674,5.97E-01,0.087987448
86,BCC,2.77E-07,0.976324581,5.77E-01,0.084215275
87,BCC,2.00E-07,0.975701407,5.72E-01,0.03349789
88,BCC,2.37E-07,0.976033302,5.70E-01,0.057150779
89,BCC,2.63E-07,0.976232707,5.56E-01,-0.014387904
90,BCC,1.77E-07,0.975475616,5.67E-01,0.028426223
91,BCC,5.55E-07,0.977623945,5.42E-01,-0.000367402
92,BCC,5.63E-07,0.97765275,5.27E-01,-0.071884829
93,BCC,1.00E-06,0.978702145,5.18E-01,-0.057913755
94,BCC,9.00E-07,0.978503732,5.13E-01,-0.079656185
95,BCC,2.05E-06,0.97995927,4.92E-01,-0.129048049
96,BCC,1.04E-06,0.978766733,5.15E-01,-0.068196358
97,BCC,2.37E-06,0.980207378,5.02E-01,-0.071402642
98,BCC,2.23E-06,0.980100706,4.82E-01,-0.156832454
99,BCC,5.34E-06,0.981583165,4.54E-01,-0.200713543
100,BCC,6.01E-06,0.981779374,4.63E-01,-0.147508258
101,BCC,1.11E-05,0.98277303,4.50E-01,-0.165194265
102,BCC,9.79E-06,0.982576487,4.42E-01,-0.17981816
103,BCC,1.34E-05,0.983083591,4.39E-01,-0.170426651
104,BCC,2.28E-05,0.983917463,4.30E-01,-0.187890982
105,BCC,1.96E-05,0.983678258,4.35E-01,-0.168629616
106,BCC,3.38E-05,0.984523237,4.23E-01,-0.18807704
107,BCC,2.24E-05,0.98389113,4.32E-01,-0.162584096
108,BCC,5.42E-05,0.985238066,4.06E-01,-0.207407661
109,BCC,4.20E-05,0.984854344,4.27E-01,-0.144001909
110,BCC,8.35E-05,0.985877703,4.11E-01,-0.158400757
111,BCC,8.34E-05,0.985877241,4.12E-01,-0.13873085
112,BCC,5.01E-05,0.985119113,4.14E-01,-0.179932675
113,BCC,0.000141334,0.986641866,0.400576757,-0.15466696
114,BCC,7.97E-05,0.985810981,4.07E-01,-0.146667037
115,BCC,0.000141861,0.986647202,0.389237178,-0.169631909
116,BCC,0.000126337,0.986480654,0.391063156,-0.164356169
117,BCC,8.68E-05,0.98593461,4.03E-01,-0.153882371
118,BCC,0.000170649,0.986910947,0.399022991,-0.122462207
119,BCC,0.000224249,0.98729696,0.380957338,-0.166940124
120,BCC,0.00021989,0.987269375,0.370971776,-0.180237421
121,BCC,0.00014989,0.986726013,0.381577089,-0.177752677
122,BCC,0.000459247,0.988288333,0.362458911,-0.130804244
123,BCC,0.000532197,0.988488445,0.360110559,-0.137313858
124,BCC,0.000477565,0.988341546,0.348400232,-0.160219775
125,BCC,0.000398913,0.988095968,0.355823233,-0.121922301
126,BCC,0.000669806,0.988798106,0.338457561,-0.162719032
127,BCC,0.00048708,0.988368352,0.351523597,-0.121485249
128,BCC,0.001369631,0.989742446,0.328362193,-0.130609164
129,BCC,0.00110711,0.989464432,0.330873721,-0.127787677
130,BCC,0.001415426,0.989785204,0.324142525,-0.096511209
131,BCC,0.00129341,0.989667873,0.322466817,-0.100649934
132,BCC,0.001029974,0.989369524,0.311630008,-0.115190898
133,BCC,0.001475937,0.989839544,0.324379508,-0.090067023
134,BCC,0.002398684,0.990463378,0.305680844,-0.020209535
135,BCC,0.00289323,0.990701057,0.30148683,-0.056863132
136,BCC,0.002510745,0.990521427,0.291226128,-0.094742705
137,BCC,0.002630887,0.990580748,0.293992424,-0.090034503
138,BCC,0.005674588,0.99154181,0.278797047,-0.092638015
139,BCC,0.003888441,0.991072539,0.281803024,-0.068302792
140,BCC,0.004569005,0.991273533,0.267877359,-0.089235142
141,BCC,0.008469125,0.992032495,0.261256075,-0.081265253
142,BCC,0.007448513,0.991875821,0.264782434,-0.060397385
143,BCC,0.008758358,0.992073365,0.258316605,-0.081071638
144,BCC,0.009467813,0.992168001,0.24155914,-0.108374243
145,BCC,0.006952894,0.99179155,0.252105621,-0.075002683
146,BCC,0.014380607,0.992672313,0.248308535,-0.023760076
147,BCC,0.007597317,0.991899996,0.253445645,-0.042236254
148,BCC,0.025564019,0.993358237,0.219163453,-0.088510672
149,BCC,0.014962825,0.992719911,0.242300185,-0.056631673
150,BCC,0.023585853,0.993262677,0.236606052,-0.043185602
151,BCC,0.020421499,0.99309141,0.237259304,-0.0482854
152,BCC,0.014409848,0.99267475,0.228264101,-0.059292729
153,BCC,0.022279176,0.993194973,0.220745537,-0.068553689
154,BCC,0.032898076,0.993656778,0.219722591,-0.093820929
155,BCC,0.024988127,0.993331215,0.236491141,-0.062458531
156,BCC,0.020555308,0.993099185,0.232510064,-0.032206928
157,BCC,0.026395563,0.993396183,0.229498376,-0.017164291
158,BCC,0.036391567,0.993775986,0.192021879,-0.118845287
159,BCC,0.02383718,0.993275261,0.226602499,-0.054951617
160,BCC,0.017321621,0.992895083,0.25139368,0.00639719
161,BCC,0.027889375,0.993461398,0.235380977,-0.008931526
162,BCC,0.030982277,0.99358585,0.213439844,-0.111397069
163,BCC,0.02645958,0.993399054,0.236654627,-0.049719011
164,BCC,0.01525403,0.99274301,0.249945525,-0.012805232
165,BCC,0.042060305,0.99394682,0.223561662,-0.030840497
166,BCC,0.026856644,0.993416704,0.233856209,-0.05308864
167,BCC,0.023268335,0.993246583,0.256987852,-0.032297879
168,BCC,0.026455137,0.993398855,0.243427578,-0.008077211
169,BCC,0.027313963,0.993436707,0.263734924,0.00395645
170,BCC,0.022217972,0.993191703,0.255087511,-0.013196959
171,BCC,0.018190408,0.992953515,0.252241856,0.006809917
172,BCC,0.017766917,0.992925397,0.260943495,-0.059119001
173,BCC,0.031653313,0.993611186,0.246178682,0.012887973
174,BCC,0.035760989,0.993755348,0.26787176,0.035726923
175,BCC,0.009928675,0.992225643,0.288994493,0.09376901
176,BCC,0.01282633,0.992534871,0.265090916,0.027414468
177,BCC,0.025849225,0.993371391,0.267433836,0.008307957
178,BCC,0.024061097,0.993286359,0.276826643,0.022561825
179,BCC,0.010349464,0.992275917,0.288210784,0.045415763
180,BCC,0.012303652,0.992484778,0.283866781,0.035690914
181,BCC,0.01629019,0.992821691,0.278397608,0.070474933
182,BCC,0.015912311,0.992793606,0.296824335,0.09449629
183,BCC,0.020434649,0.993092177,0.27499711,0.135056947
184,BCC,0.01188153,0.992442701,0.306753489,0.049031302
185,BCC,0.0276561,0.993451451,0.281122135,0.02210846
186,BCC,0.020757713,0.993110848,0.281687339,-0.018885079
187,BCC,0.030161147,0.99355408,0.282811839,0.053963543
188,BCC,0.036375181,0.993775454,0.253264943,0.011305992
189,BCC,0.015099545,0.992730813,0.266251071,-0.020882924
190,BCC,0.050976967,0.994173566,0.254579931,0.014661107
191,BCC,0.024850133,0.993324647,0.255864089,-0.132606523
192,BCC,0.041866783,0.993941381,0.241032754,-0.051712801
193,BCC,0.096673174,0.994930637,0.198410969,-0.226851896
194,BCC,0.044187915,0.994005024,0.240291989,-0.06538177
195,BCC,0.051445675,0.99418436,0.233808859,-0.002024564
196,BCC,0.047575745,0.99409214,0.257416246,0.010710352
197,BCC,0.074379209,0.994619615,0.198664673,-0.116992727
198,BCC,0.045495858,0.994039425,0.242518978,-0.079527104
199,BCC,0.061785915,0.994400424,0.241159706,-0.106197426
200,BCC,0.034985223,0.993729447,0.220515723,-0.110061986
201,BCC,0.052941251,0.994218155,0.20201607,-0.135660435
202,BCC,0.031526377,0.993606435,0.223179112,-0.174014502
203,BCC,0.051450729,0.994184475,0.212898199,-0.183264213
204,BCC,0.052922765,0.994217743,0.230959526,-0.150573714
205,BCC,0.106134337,0.995041952,0.170035215,-0.26403764
206,BCC,0.348103921,0.996528225,0.158657364,-0.189517052
207,BCC,0.063894704,0.994440045,0.201399274,-0.237854672
208,BCC,0.079654196,0.99470073,0.174132858,-0.202462469
209,BCC,0.037984134,0.993826547,0.181036138,-0.214862462
210,BCC,0.063724878,0.994436903,0.1715314,-0.261590936
211,BCC,0.113263555,0.995119681,0.170087933,-0.27344276
212,BCC,0.11255893,0.995112211,0.195482593,-0.135192852
213,BCC,0.088860413,0.994830447,0.144573679,-0.227762311
214,BCC,0.114095222,0.995128441,0.135482286,-0.325048751
215,BCC,0.060478473,0.99437518,0.124120103,-0.289251749
216,BCC,0.073327495,0.994602768,0.153059891,-0.295711263
217,BCC,0.031730274,0.993614057,0.153200069,-0.292120743
218,BCC,0.098003922,0.994946915,0.137894989,-0.231828565
219,BCC,0.057984299,0.994325484,0.105304833,-0.339590234
220,BCC,0.098190578,0.994949181,0.178276318,-0.236911225
221,BCC,0.125726651,0.995244943,0.14780175,-0.245481964
222,BCC,0.107342977,0.995055477,0.135470374,-0.301917957
223,BCC,0.054244535,0.994246837,0.129444216,-0.368562343
224,BCC,0.116535685,0.995153797,0.135398269,-0.229842464
225,BCC,0.029998224,0.993547673,0.181099054,-0.278235408
226,BCC,0.077676561,0.994670955,0.098791367,-0.379528323
227,BCC,0.123219296,0.995220724,0.114636407,-0.332548641
228,BCC,0.096386671,0.994927104,0.132296907,-0.31761167
229,BCC,0.068928768,0.994529628,0.133192019,-0.376284035
230,BCC,0.044309027,0.994008252,0.175071702,-0.308200098
231,BCC,0.021493382,0.993152282,0.163001983,-0.255050727
232,BCC,0.141140823,0.995384473,0.158841342,-0.232871256
233,BCC,0.176063193,0.995654079,0.111136535,-0.324372068
234,BCC,0.292545116,0.996296274,0.073842152,-0.267517834
235,BCC,0.011626139,0.992416491,0.178558554,-0.382412018
236,BCC,0.05114304,0.994177402,0.187770371,-0.242148714
237,BCC,0.09751863,0.994941004,0.139517351,-0.356056223
238,BCC,0.054762687,0.99425805,0.126938614,-0.418421518
239,BCC,0.023085857,0.993237232,0.090442026,-0.501984044
240,BCC,0.013174503,0.992567091,0.155534069,-0.47435825
241,BCC,0.008675346,0.992061779,0.211984507,-0.422110219
242,BCC,0.050051276,0.994151955,0.138732379,-0.369063006
243,BCC,0.036464747,0.993778358,0.14780796,-0.432334383
244,BCC,0.10000218,0.99497096,0.102627519,-0.351393703
245,BCC,0.025725152,0.993365687,0.222470387,-0.313413129
246,BCC,0.107821898,0.995060795,0.219099783,-0.211486904
247,BCC,0.015099361,0.992730798,0.295951233,-0.117404457
248,BCC,0.019933575,0.993062614,0.241546935,-0.261577675
249,BCC,0.037206292,0.993802124,0.170763682,-0.358554436
250,BCC,0.36232948,0.996582948,0.077447006,-0.34358939
251,BCC,0.021438066,0.993149217,0.084757135,-0.518295903
252,BCC,0.068471801,0.994521768,0.174552582,-0.32443855
253,BCC,0.002472466,0.990501906,0.312680303,-0.194417887
254,BCC,0.305508092,0.996353343,0.136256135,-0.251165138
255,BCC,0.015603618,0.992770152,0.19543077,-0.3761815
256,BCC,0.111379773,0.99509961,0.218877312,-0.159390883
257,BCC,0.063732749,0.994437049,0.175106903,-0.267165827
258,BCC,0.09148135,0.99486498,0.159886511,-0.373279863
259,BCC,0.104032578,0.995018076,0.162205851,-0.266682336
260,BCC,0.186174601,0.995722911,0.16002539,-0.300175166
