Band,Sample,Median,MAD,NMAD,sqrt_BWMV,Lower_CI,Upper_CI
1,H,5.937510014,3.842097163,5.696293254,5.388572805,0,16.74327469
2,H,6.55100441,3.673205018,5.44589376,5.249341308,0,16.73605347
3,H,6.218814373,3.34315145,4.95655634,4.886974361,0,16.02758026
4,H,6.365467072,3.173481464,4.705003619,4.718399742,0,15.56313229
5,H,6.147572994,3.339281797,4.950819193,4.623817644,0,15.2052393
6,H,6.312633991,3.336342812,4.946461852,4.909489754,0,16.17810631
7,H,6.27096796,3.353761196,4.972286349,4.868484463,0,15.66372776
8,H,6.211713791,3.424193978,5.076709992,4.874939409,0,16.49599838
9,H,5.738201141,3.035790443,4.500862911,4.51110839,0,15.64191151
10,H,6.064194679,3.19286108,4.733735837,4.799878648,0,16.4294548
11,H,6.034615993,3.145153999,4.663005319,4.738706867,0.285332382,16.4901123
12,H,6.169406414,3.416139364,5.064768221,5.010529417,0,17.34758568
13,H,5.986243725,3.34654057,4.961581049,4.915110847,0,16.67938614
14,H,6.330125332,3.427757263,5.081992918,4.94356613,0.275222838,16.8540554
15,H,6.114993572,3.406543493,5.050541383,4.956245247,0.264450163,16.69813919
16,H,6.510845184,3.495965242,5.183118068,5.012106436,0.70775789,17.12135696
17,H,6.207495213,3.458730221,5.127913425,5.006743885,0.485803992,16.87425232
18,H,6.604773521,3.619161725,5.365769174,5.281489737,0.689415812,18.26259613
19,H,6.55280304,3.400762796,5.041970922,5.082719613,0.446071655,17.92478752
20,H,6.748508453,3.700296521,5.486059622,5.222719579,0.60834986,17.44018364
21,H,6.888405323,3.697143793,5.481385388,5.154810162,0.812255085,17.67413139
22,H,6.835877895,3.571195722,5.294654777,5.207869031,0.818076313,18.20285797
23,H,7.062423706,3.72307241,5.519827155,5.232051435,0.530796885,17.85705566
24,H,7.166760921,3.723317504,5.520190531,5.305705747,1.166461468,18.28320313
25,H,6.732672691,3.592702866,5.326541269,5.307754752,0.629451454,18.09255219
26,H,7.380176544,3.766057372,5.58355666,5.292375503,0.940284908,18.62064934
27,H,7.001097679,3.683297634,5.460857072,5.297798987,1.067079902,18.50131798
28,H,7.728075981,3.877337933,5.748541219,5.3612651,1.149825096,18.81035805
29,H,7.467438698,3.760910153,5.575925393,5.474861187,1.074970245,19.37923431
30,H,7.767397404,3.923321247,5.816716081,5.554074565,1.238850713,19.94452095
31,H,7.589765072,3.883107662,5.75709542,5.627509141,1.003984571,19.88798714
32,H,8.024076462,3.938350201,5.838998007,5.586798225,1.583081365,19.79647255
33,H,7.783032894,4.074271917,6.040515545,5.666379426,1.235402107,19.44119453
34,H,8.101402283,4.038090229,5.986872574,5.663441399,1.544472575,19.96378899
35,H,7.953811646,3.869345903,5.736692236,5.66413669,1.324532866,19.95830154
36,H,8.147083282,4.065661669,6.02774999,5.755643962,1.719712973,20.59690475
37,H,8.026585579,3.968677044,5.883960585,5.774428348,1.344234705,20.30188751
38,H,8.405651093,4.016808987,5.955321004,5.769487088,1.723683953,20.28199577
39,H,8.208043098,4.039061785,5.988313002,5.848198598,1.363271952,19.92651749
40,H,8.528762817,4.272890329,6.334987202,5.894676916,1.559060097,20.70911026
41,H,8.184663773,4.060075283,6.019467615,5.846970639,1.452251196,20.57891846
42,H,8.556126595,4.055861712,6.013220573,5.897632916,1.611714125,20.80665398
43,H,8.507330894,4.045687914,5.998136901,5.858297828,1.46527195,20.64520645
44,H,8.623129845,4.12762022,6.119609738,5.902229532,1.820672035,20.80561638
45,H,8.249429703,4.084449053,6.055604166,5.926054281,1.36550796,20.53068733
46,H,8.484359741,3.934965611,5.833980014,5.806664177,1.730030894,20.25555992
47,H,8.175318718,4.045439959,5.997769283,5.864875805,1.178044081,20.53015327
48,H,8.172779083,3.708989143,5.498947304,5.671946099,1.781213045,19.48514175
49,H,7.979856491,3.748545647,5.557593776,5.794679281,1.35969758,20.19878197
50,H,8.074382782,3.812559843,5.652501223,5.657514701,1.740599871,19.5365181
51,H,7.783582687,3.842667341,5.6971386,5.684494706,1.317841887,19.70333862
52,H,8.142778397,3.838054657,5.690299834,5.705504299,1.734713912,19.33776093
53,H,7.974724293,3.927679777,5.823178038,5.732188736,1.700089335,19.85046387
54,H,8.236017227,3.835609674,5.686674903,5.762367415,2.031092882,20.32205963
55,H,8.148477554,3.954132318,5.862396575,5.960418062,1.776712894,21.05460167
56,H,8.475431442,3.986111164,5.909808412,5.949168883,1.918867469,21.40423393
57,H,8.269311905,3.961888552,5.873895967,5.965499315,1.739045024,21.16990089
58,H,8.440349579,3.933190823,5.831348714,5.884252088,1.808621526,20.7988224
59,H,8.256708145,3.91144228,5.799104324,5.873844045,1.702802539,20.02423286
60,H,8.383406639,3.936005116,5.835521184,5.883505941,2.105625868,20.60199547
61,H,8.556043625,4.030839205,5.976122205,5.966331988,1.913603425,21.01656723
62,H,8.739948273,3.985204935,5.908464837,5.91284974,2.137787342,20.8085041
63,H,8.543917656,3.978917599,5.899143232,6.003363988,1.644179702,20.6337738
64,H,8.634687424,4.119875193,6.108126961,6.014831086,1.979367495,20.45417213
65,H,8.516037941,4.123972654,6.114201857,6.081555094,1.770152807,20.86135864
66,H,8.477627754,4.090383053,6.064401914,6.051081986,2.102104664,20.60940552
67,H,8.436211586,4.099258661,6.077560891,6.078260889,1.689596772,20.73656654
68,H,8.526153564,3.899104595,5.780812473,5.968872807,1.964462876,20.5620327
69,H,8.470457077,4.053157091,6.009210703,6.030451549,1.804056406,20.57155991
70,H,8.613102913,4.022870779,5.964308217,5.940871871,1.972787142,20.73236656
71,H,8.71630764,4.134670258,6.130062124,6.095451829,1.987307668,21.10569382
72,H,9.084365845,4.160610437,6.168521034,6.169172817,1.981063843,21.63396645
73,H,8.986911774,4.40729475,6.534255197,6.421370754,2.323526144,22.10135651
74,H,9.878133774,4.625106096,6.857182298,6.648937602,2.40005374,22.70337486
75,H,10.27847767,4.736988783,7.02305957,6.988523802,2.329494715,23.91980743
76,H,11.18087006,4.8630023,7.20988721,7.260629962,2.910230637,25.31848717
77,H,11.69485664,5.347784758,7.928625682,7.691047201,2.688040495,26.42352486
78,H,12.61386967,5.657512903,8.38782863,7.894949056,3.447857618,27.81751251
79,H,13.47150135,5.893830299,8.738192802,8.251784909,3.139436483,28.89458466
80,H,13.9673214,6.103464603,9.048996621,8.472669446,3.882220984,30.17929077
81,H,14.68980503,6.632914543,9.833959102,8.834845355,3.544788837,30.41629601
82,H,15.72517872,6.775517941,10.0453829,8.993045972,3.973197937,31.481884
83,H,16.18582535,7.05397892,10.45822915,9.360276788,4.056022644,32.18138885
84,H,16.82466125,7.227482796,10.71546599,9.536709353,4.801064491,33.53950119
85,H,17.61210632,7.470929146,11.07639955,9.828399245,4.771355629,33.73765564
86,H,18.64444351,7.556545734,11.20333471,9.994566908,5.390646935,34.63262558
87,H,18.91874504,7.781068802,11.53621261,10.21824475,5.073351383,35.10437012
88,H,19.54492569,7.970326424,11.81680596,10.27119904,5.445486546,36.15591812
89,H,19.34480476,8.032976151,11.90969044,10.41426444,5.43371582,35.63121796
90,H,20.06675148,8.216366768,12.18158537,10.48795697,5.606544018,36.69565201
91,H,19.73435402,8.316460133,12.32998379,10.64820193,5.654539108,36.92086792
92,H,20.79517365,8.356840134,12.38985118,10.71325847,6.083351135,37.75467682
93,H,20.51182938,8.454991817,12.53537087,10.8390168,6.186097145,37.70064163
94,H,20.76736641,8.42134285,12.48548291,10.92138233,6.468056679,38.17425919
95,H,20.88596344,8.540844917,12.66265667,11.02882928,6.182807922,38.51180267
96,H,21.38871193,8.443745613,12.51869725,11.10874507,6.723114491,39.39768982
97,H,21.21575737,8.432249069,12.50165247,11.13316519,6.726963997,39.53190613
98,H,21.97525787,8.503077984,12.60666342,11.172213,6.833126068,40.46430969
99,H,21.60554886,8.689223289,12.88264245,11.2333833,6.986253738,40.02004623
100,H,22.49654007,8.798482418,13.04463003,11.22856494,7.524610519,40.55514526
101,H,22.55956841,8.752054214,12.97579558,11.31514732,7.282026768,40.76443481
102,H,23.1084919,8.660348415,12.83983256,11.31846036,7.491159916,41.06646347
103,H,23.1285038,8.671535015,12.85641781,11.34350941,7.688614845,41.26520538
104,H,23.32907867,8.598148346,12.74761474,11.2978303,8.217194557,41.65955734
105,H,23.50362015,8.541239738,12.66324204,11.37379831,8.093312263,41.63517761
106,H,23.98691559,8.44127512,12.51503449,11.26548607,8.367269516,41.94140244
107,H,23.81375885,8.576039314,12.71483589,11.36897192,8.157051086,42.24519348
108,H,24.16482925,8.556944847,12.68652643,11.36401884,8.817465782,42.82632065
109,H,24.49658585,8.56749773,12.70217213,11.40420279,9.225499153,42.65888977
110,H,24.91101265,8.364474297,12.40116959,11.38602089,9.165019989,43.05960083
111,H,24.77487946,8.353640556,12.38510749,11.41552848,9.211280823,42.83392715
112,H,25.11710167,8.34072113,12.36595315,11.37308939,10.28229523,44.00043488
113,H,25.30953789,8.437415123,12.50931166,11.45568067,9.692671776,43.34275055
114,H,25.6621933,8.266744614,12.25627556,11.39912732,10.06787205,43.94890213
115,H,25.47533417,8.558814049,12.68929771,11.49344706,9.850910187,43.66126251
116,H,25.92335129,8.4408741,12.51443994,11.46342442,10.15788651,44.13367462
117,H,26.05972862,8.504218102,12.60835376,11.5198009,10.23447609,44.45625687
118,H,26.10624123,8.644274712,12.81600169,11.51061041,10.9391098,44.830616
119,H,26.37188339,8.463534355,12.54803603,11.61913482,10.53547668,44.85277557
120,H,26.70292664,8.549829483,12.67597719,11.56411383,11.02161121,45.37309265
121,H,26.61951065,8.464477539,12.5494344,11.63349894,10.75642014,45.59905624
122,H,26.93900108,8.413949966,12.47452222,11.58680026,11.36794949,45.81136322
123,H,27.10367966,8.645483971,12.81779453,11.63136036,10.84483242,45.52070236
124,H,27.52454185,8.513839722,12.62261877,11.59480436,11.63100719,45.90423965
125,H,27.37620544,8.585421562,12.72874601,11.6377924,11.25267124,46.36822128
126,H,27.57224846,8.300235748,12.30592952,11.64476218,11.66510773,45.77322769
127,H,27.62825584,8.585829735,12.72935116,11.65002181,11.29562187,46.84860229
128,H,27.96818352,8.386388779,12.43366,11.65156412,11.91802502,46.72970963
129,H,27.78812218,8.60738945,12.7613156,11.64372183,11.66789627,46.83532333
130,H,28.34709167,8.518374443,12.62934195,11.5568017,12.34044552,46.99983215
131,H,28.13981056,8.337695122,12.36146679,11.5910774,12.06283092,47.04437256
132,H,28.42303658,8.455330849,12.53587352,11.54214564,12.4619236,47.24698639
133,H,28.58355522,8.528360367,12.64414708,11.46632058,11.99959564,46.86388779
134,H,28.68256187,8.238739014,12.21475446,11.41108431,12.54031181,47.22116852
135,H,28.55573845,8.051647186,11.93737212,11.51003595,12.55850792,47.52014542
136,H,28.98807716,8.201426506,12.15943494,11.35385579,12.87020969,47.27754211
137,H,29.16259193,8.121294022,12.04063052,11.36001299,12.42718792,47.26930237
138,H,28.95581245,8.389355659,12.4380587,11.27284954,13.08336449,47.1360054
139,H,29.03156471,8.291985512,12.29369772,11.27886501,12.74839783,46.89553452
140,H,29.23968887,8.093832016,11.99991535,11.19433399,13.3682518,46.75744629
141,H,29.00622749,8.112412453,12.0274627,11.22306766,12.8453722,47.1135788
142,H,29.19849777,8.083573341,11.98470584,11.04269556,13.16057014,47.03194809
143,H,28.96109772,8.016612053,11.88542903,11.09543001,13.03469753,47.01875305
144,H,29.2204895,7.955337524,11.79458341,10.98083787,13.37297153,47.03483963
145,H,28.94029427,7.840161324,11.62382318,11.01987858,13.03705692,46.76339722
146,H,29.18133926,7.884881973,11.69012601,10.89163518,13.12603951,46.75033569
147,H,28.94467545,7.797028542,11.55987452,10.88414316,13.60805893,46.78600693
148,H,29.1417923,7.832533836,11.61251467,10.83648493,13.51348305,46.64230347
149,H,28.75251198,8.087190628,11.99006883,10.86598359,13.59974384,46.91349411
150,H,28.79776192,7.801743507,11.56686492,10.78989673,13.95038509,46.54974747
151,H,28.81620598,8.049333572,11.93394195,10.84513814,13.32200718,46.38311768
152,H,29.11709213,7.710806847,11.43204223,10.73414419,13.36561584,46.17547226
153,H,28.79367828,7.713683128,11.43630661,10.75750955,13.28926468,46.40755463
154,H,29.0207653,7.705135345,11.42363366,10.77680807,14.02718258,46.83485031
155,H,28.78878784,7.667694092,11.36812326,10.74814305,13.61495972,46.46437836
156,H,29.17605209,7.489409447,11.10379845,10.77825636,13.79448891,47.07279587
157,H,29.07271767,7.567986488,11.22029677,10.76244553,14.14702702,46.46281052
158,H,29.27244759,7.707543373,11.4272038,10.72323134,14.49683762,47.25651932
159,H,29.26241684,7.611201286,11.28436703,10.70066031,13.71521854,46.8470192
160,H,29.02589798,7.734837532,11.46767013,10.76456925,13.84463215,46.71495438
161,H,29.1817894,7.680905342,11.38771026,10.7034405,13.81333256,46.88817596
162,H,29.54631233,7.648961067,11.34034968,10.70085801,14.35236454,46.75432205
163,H,29.16180801,7.303868294,10.82871513,10.65243159,14.33805275,46.55486298
164,H,29.61795998,7.501012802,11.12100158,10.70755786,14.27501583,47.07613754
165,H,29.16180992,7.486479759,11.09945489,10.71779931,14.0478611,46.95654297
166,H,29.47335625,7.432756424,11.01980467,10.67959691,14.43434715,47.22591782
167,H,28.99423218,7.515293121,11.14217358,10.69143183,14.23093987,46.78665543
168,H,29.52696419,7.715641022,11.43920938,10.65850868,14.0224123,47.2193222
169,H,29.18625259,7.249873161,10.74866195,10.67465701,14.24684048,46.83605194
170,H,29.56583214,7.435604095,11.02402663,10.63410539,14.48598766,47.09793091
171,H,28.99456787,7.418854713,10.999194,10.71709615,13.91031933,47.05374527
172,H,29.35730553,7.160757065,10.61653842,10.58237144,14.58350468,47.04446793
173,H,29.28458405,7.389273643,10.9553371,10.62361759,14.21411419,47.39332199
174,H,29.49379539,7.443948746,11.03639841,10.59924948,14.46863651,47.33965302
175,H,29.08183479,7.444723129,11.03754651,10.61289293,14.17225933,46.46956253
176,H,29.19473457,7.591673851,11.25541565,10.5132987,14.15018654,46.44831085
177,H,28.88978767,7.280620575,10.79424806,10.63778106,14.31848812,46.78854752
178,H,29.04977417,7.420805931,11.00208687,10.49603572,14.09048843,45.89398575
179,H,28.76445007,7.590449333,11.25360018,10.58642462,13.79001522,46.77999496
180,H,28.84270859,7.176962852,10.64056513,10.51757284,13.96955776,46.52085495
181,H,28.64692879,7.227319717,10.71522421,10.48108303,13.52881432,46.17216873
182,H,28.6441555,7.255662918,10.75724584,10.4538168,13.43569946,46.09954834
183,H,28.1905117,7.505475044,11.1276173,10.50015735,13.11240101,45.35246277
184,H,28.38257408,7.20166111,10.67718276,10.3760721,13.890728,45.64019775
185,H,28.50095177,7.168298721,10.62771968,10.44748815,13.26291275,45.97101974
186,H,28.22372246,7.119347572,10.55514471,10.36000015,13.21057987,46.39087296
187,H,28.01566696,7.013037682,10.39752967,10.41520928,12.56851768,45.90103531
188,H,28.07681465,7.250144958,10.74906492,10.20957483,13.45282841,45.31725311
189,H,27.99344826,7.140821457,10.58698189,10.35064246,12.73076057,44.870327
190,H,28.30497932,7.140550613,10.58658034,10.20561861,13.0801506,45.14791107
191,H,27.67692184,6.978847504,10.34683931,10.29341893,12.60085392,45.11005402
192,H,27.40328598,6.977876663,10.34539994,10.18884597,12.58407784,45.20652771
193,H,27.82567787,7.170376778,10.63080061,10.36846871,12.61777878,45.32889557
194,H,27.22082901,7.013324738,10.39795526,10.15200862,12.34834003,45.36608124
195,H,27.70588684,7.233290672,10.72407675,10.33092517,12.47389221,45.60148621
196,H,27.81610107,7.015729904,10.40152116,10.06934398,12.72406769,45.57875061
197,H,27.89986038,7.078887939,10.49515926,10.35347208,12.58771515,45.82738495
198,H,27.65936279,6.931665421,10.27688715,10.17010581,12.92791271,44.92116547
199,H,27.97046661,7.205354691,10.68265886,10.34805339,12.27699566,45.86965561
200,H,27.62553596,7.038021088,10.43457006,10.18895772,12.18834496,45.01134491
201,H,27.4919014,7.074067116,10.48801191,10.27147437,12.42103958,45.94530869
202,H,27.82172775,6.913917542,10.25057415,10.0434807,12.43220997,44.21202469
203,H,27.70573044,7.138689041,10.58382037,10.28639719,12.6866951,45.60325241
204,H,27.5290699,6.825288773,10.11917313,10.0643147,12.38222218,44.41194916
205,H,27.61959267,7.036259651,10.43195856,10.26068201,12.05256844,45.07029343
206,H,27.61940193,6.863318443,10.17555592,9.980808716,11.82782364,44.63057327
207,H,27.6152916,6.982397079,10.35210191,10.09874612,12.12347984,44.79673004
208,H,27.29652214,7.017690659,10.40442817,9.926218358,12.04858875,44.85354996
209,H,27.15345955,7.077349663,10.49287861,10.12784193,11.93844891,44.43320847
210,H,27.13288307,6.939278603,10.28817446,9.823119639,12.12919712,43.62007904
211,H,26.89196205,6.804039955,10.08766964,9.998329216,11.90350628,44.17592239
212,H,26.86714554,6.75865078,10.02037565,9.794831001,12.06079388,42.79281998
213,H,27.31960487,7.220630646,10.705307,10.02146585,11.56506443,43.61817169
214,H,26.97459984,6.719961166,9.963014425,9.80374154,12.05753326,43.70510483
215,H,27.27649689,7.004350662,10.38465029,9.997064585,11.89644814,44.01322174
216,H,26.86143684,6.885262489,10.20809017,9.666314695,12.24390984,43.41022491
217,H,27.05447006,7.041661263,10.43996699,9.949158963,11.84690666,43.81679916
218,H,26.21487617,6.731456757,9.980057787,9.720491277,12.0761404,42.9671402
219,H,26.5035305,6.803803444,10.08731899,9.707589575,11.53063774,43.5667305
220,H,26.58631706,6.860197067,10.17092817,9.645597366,11.72591972,43.23828125
221,H,26.36856842,6.648975372,9.857770887,9.73276663,11.65156174,43.00136185
222,H,26.22232246,6.697838783,9.93021578,9.57814833,11.47355175,42.54674911
223,H,26.18557549,6.769413948,10.03633312,9.49468363,11.11451817,42.47819138
224,H,26.38787079,6.65199852,9.862253006,9.413972889,11.01565266,41.81439972
225,H,25.58113861,6.70359993,9.938757256,9.478688289,11.52959824,41.78210449
226,H,25.88962364,6.459080696,9.57623304,9.348545582,11.11750603,42.45923996
227,H,25.63665962,6.64018631,9.844740223,9.242977741,11.19330597,41.56680679
228,H,25.77998543,6.219913483,9.221643729,9.103663206,11.27163029,41.18336487
229,H,25.28321838,6.457384109,9.573717681,9.168971318,11.09209538,40.70651245
230,H,25.26754951,6.5079813,9.648733076,9.06172641,10.90166569,40.17040634
231,H,25.04287529,6.540122986,9.696386339,9.261806377,10.10303879,40.90213394
232,H,24.60548592,6.544631004,9.703069927,9.095801971,10.85796165,40.08301544
233,H,24.07006073,6.245595932,9.259720529,9.188188328,10.19652653,40.02636337
234,H,24.22631454,6.554945946,9.718362859,9.107390126,10.23845482,39.58525467
235,H,23.70967865,6.406882286,9.498843677,9.01556,10.50588799,39.32625961
236,H,23.3350544,6.19190979,9.180125455,8.83701096,9.742431641,38.33632278
237,H,23.41853714,6.311883926,9.357999109,8.844675051,9.728065491,38.49417496
238,H,22.95179176,6.10411644,9.049963034,8.66836098,10.11236191,37.9732933
239,H,22.05897522,6.283711433,9.316230571,8.616489425,9.096670151,37.42809296
240,H,22.07468987,5.898158073,8.74460916,8.428172339,9.470874786,36.69971848
241,H,21.72836876,6.026914597,8.935503581,8.48714788,9.330043793,35.94560242
242,H,21.5236721,6.202109337,9.195247303,8.351877945,9.216451645,36.68128967
243,H,20.6837368,5.903325558,8.752270472,8.276574041,9.054057121,35.91692352
244,H,21.23142624,5.862383842,8.691570285,8.272400386,9.281224251,36.11782837
245,H,21.02744102,5.854046822,8.679209818,8.159583906,9.265962601,35.66360474
246,H,21.38848114,5.6233325,8.337152765,8.189723992,9.252682686,34.99701309
247,H,20.95894241,5.625300884,8.340071091,8.00894962,9.065621376,34.93951035
248,H,21.01571083,6.047955036,8.966698137,8.196365543,8.767390251,34.93456268
249,H,20.92653847,5.856884956,8.683417636,8.25449931,8.777075768,35.4668808
250,H,21.62003517,6.313486099,9.360374491,8.371831302,9.532632828,35.2049408
251,H,21.12347984,5.765006065,8.547197993,8.347069369,9.026414871,35.72358704
252,H,21.45398331,5.933706284,8.797312936,8.270499913,9.288346291,35.49372482
253,H,21.24357033,5.590414047,8.288347866,8.187492851,8.888523102,35.55409241
254,H,21.46988487,6.228334904,9.234129328,8.417573036,9.724820137,36.01150894
255,H,21.05078316,5.719526291,8.479769679,8.336992935,8.905183792,36.10024643
256,H,21.67181015,5.70252037,8.454556701,8.363746421,9.205494881,36.32203293
257,H,22.14011002,6.036535263,8.949767181,8.613697016,9.043569565,36.45264816
258,H,22.26601601,5.950300217,8.821915101,8.552639616,8.603614807,36.89692688
259,H,22.77208519,6.136216164,9.097554084,8.567106084,10.4741993,37.2737999
260,H,22.89803314,6.26984024,9.295665141,8.728797324,10.14003086,37.64627075
1,CE,6.03730011,3.734611988,5.536935734,5.208495264,0,16.74327469
2,CE,6.327674866,3.349945545,4.966629265,5.054121112,0,16.85429192
3,CE,5.760136604,3.097747803,4.592720892,4.731870224,0,15.17713737
4,CE,5.903256893,3.38213563,5.014354285,4.748003566,0,15.29480267
5,CE,5.341372013,3.069726467,4.55117646,4.845900455,0,16.25173187
6,CE,6.045902729,3.590526104,5.323314002,4.940811654,0,16.05382729
7,CE,5.410246849,3.536659241,5.24345099,4.978321236,0,15.87165356
8,CE,5.339924812,3.382243752,5.014514587,4.7641455,0,15.46736813
9,CE,5.333431721,3.173167706,4.70453844,4.64597766,0,16.13869095
10,CE,5.64162159,3.476038456,5.153574615,4.989986607,0,15.89435196
11,CE,5.664993286,3.406532049,5.050524416,4.964031807,0,16.72277832
12,CE,5.934700489,3.568332195,5.290409313,5.044199217,0.30332914,16.37977409
13,CE,5.683312416,3.321538925,4.92451361,4.99403744,0,15.7886858
14,CE,5.887375832,3.609190464,5.350985782,4.99484677,0.267080158,16.33776855
15,CE,5.636340618,3.478427172,5.157116125,5.062752218,0.258370847,16.29843903
16,CE,6.164997101,3.57397604,5.298776877,5.192125218,0,17.18278885
17,CE,5.751502514,3.600455999,5.338036065,5.235247729,0.22291255,16.87910461
18,CE,6.336559296,3.748672962,5.557782534,5.327035006,0,17.21491814
19,CE,5.989798546,3.753836393,5.565437837,5.31305257,0,17.38910294
20,CE,6.413631439,3.857686758,5.719406387,5.369685341,0.593445957,17.55482864
21,CE,6.536568642,3.81310463,5.653308924,5.323811919,0.359995425,17.58966446
22,CE,6.284087181,3.787978411,5.616056792,5.454772463,0.696975231,17.31056023
23,CE,6.285339355,3.795672894,5.627464632,5.35905085,0.657740891,17.54850006
24,CE,6.701550484,3.775431633,5.597454939,5.372707596,1.031007767,17.9863987
25,CE,6.294514656,3.78566885,5.612632637,5.544317818,0.663828313,18.30909348
26,CE,6.834401131,3.931686401,5.829118259,5.571920918,0.880534351,18.26311493
27,CE,6.609011173,3.821537018,5.665810783,5.503991295,0.779799581,18.04221344
28,CE,6.985663891,3.896234989,5.776557995,5.513396231,0.725803196,18.70484543
29,CE,6.788827419,3.882197857,5.755746543,5.656294317,0.871850908,18.99796486
30,CE,6.902286053,3.904527187,5.788852008,5.550234657,1.244561553,18.57634354
31,CE,6.810488224,3.825901508,5.672281576,5.649540957,0.883579195,19.29664421
32,CE,7.287246704,4.015578032,5.95349599,5.736324036,1.224172354,19.26869774
33,CE,7.13479805,4.1083951,6.091106575,5.819906414,0.931200922,19.20554352
34,CE,7.385100842,4.045321941,5.99759431,5.784423967,1.435991764,19.99923706
35,CE,7.405990124,4.080955982,6.050425339,5.92996324,1.147928476,19.46584129
36,CE,7.71715641,4.094250679,6.070136057,5.913666135,1.399019957,20.03789711
37,CE,7.5704422,4.157193184,6.163454614,5.992249238,1.233375072,19.93956375
38,CE,8.152096748,4.295194387,6.368055199,6.032741752,1.43829453,20.46956253
39,CE,7.731563091,4.26896143,6.329162216,6.126224653,1.072474122,20.83201218
40,CE,7.970530987,4.311983585,6.392946864,6.065782535,1.535219193,20.80611229
41,CE,7.774288654,4.307589054,6.386431532,6.142288558,1.327018499,20.68502808
42,CE,8.101664543,4.203456879,6.232045168,6.054100156,1.641594887,20.95034027
43,CE,7.881519318,4.394717455,6.515608099,6.156272727,1.399191022,21.39234161
44,CE,8.340126038,4.224830627,6.263733888,5.984032212,1.716003537,20.71014404
45,CE,7.796934128,4.262290716,6.319272216,6.098640932,1.297427416,20.51515388
46,CE,7.941473484,4.261855602,6.318627116,6.009628295,1.618243098,20.66761208
47,CE,7.59898901,4.33701396,6.430056897,6.023502905,1.322174549,20.46825981
48,CE,7.819863796,4.215195417,6.249448726,5.932516564,1.837282419,20.19639206
49,CE,7.592851162,4.077362537,6.045097698,5.848102741,1.265005946,19.66457558
50,CE,7.900333405,4.11169529,6.095999436,5.806030536,1.590692043,19.70035362
51,CE,7.50622654,4.043903112,5.995490754,5.773759246,1.284119964,19.61914063
52,CE,7.48769331,3.889524221,5.766608611,5.679326355,1.560762167,19.40122414
53,CE,7.497341633,3.975524664,5.894112867,5.777700912,1.331702352,19.5561142
54,CE,7.670285702,4.083276033,6.053865047,5.696356698,1.649845243,19.07960129
55,CE,7.377354622,4.047318697,6.0005547,5.817170027,1.238703012,19.65283203
56,CE,7.736434937,4.220561266,6.257404133,5.794663364,1.634155393,19.7452774
57,CE,7.681190491,4.169652939,6.181927447,5.846950673,1.430389881,19.71952629
58,CE,7.868051529,4.153673649,6.158236552,5.852376231,1.79868412,19.66945839
59,CE,7.872681618,4.026313782,5.969412813,5.917230948,1.680046439,20.12478638
60,CE,8.099524498,4.075754166,6.042713126,5.923710933,1.76833725,20.05009842
61,CE,7.874925137,4.201110363,6.228566224,6.0480139,1.56690836,20.05680656
62,CE,8.141134262,4.177005529,6.192828398,6.06744725,1.877860665,20.61777115
63,CE,8.05689621,4.259083271,6.314516858,6.144765079,1.604491591,20.58320999
64,CE,8.401172638,4.328944206,6.41809268,6.107851762,1.784570098,20.53676033
65,CE,8.146934509,4.188371897,6.209680174,6.122559747,1.65653801,20.78531647
66,CE,8.298755646,4.30884552,6.388294368,6.099874568,1.963499904,20.71396255
67,CE,7.999005795,4.289419889,6.359493928,6.216625016,1.757544041,20.89117432
68,CE,8.12206459,4.247563362,6.297437441,6.101070038,1.95505774,20.48339653
69,CE,8.038226128,4.201912165,6.229754975,6.112825472,1.733039618,20.59239769
70,CE,8.22863102,4.134784698,6.130231794,6.040778965,1.989930391,20.79673958
71,CE,8.134130478,4.281407118,6.347614193,6.177303169,1.902146697,20.87611008
72,CE,8.518228531,4.306164742,6.384319846,6.288230664,2.195806742,21.45941353
73,CE,8.702565193,4.448299885,6.595049409,6.607892163,1.901875257,22.14571762
74,CE,9.33700943,4.802215576,7.119764813,6.755230571,2.231035948,22.96981049
75,CE,9.752508163,5.003141403,7.417657444,7.105142505,2.35733223,24.74822044
76,CE,10.63229179,5.217010021,7.734739057,7.376936806,2.874485254,25.8668232
77,CE,11.10448265,5.499120235,8.152995661,7.847536402,2.858322382,27.12749863
78,CE,12.0020752,5.650384903,8.377260657,8.125281437,3.181687355,28.63720131
79,CE,12.62534142,6.046356201,8.964327704,8.521255194,3.245688677,30.20042801
80,CE,13.30483627,6.012787819,8.91455922,8.805587324,3.485468864,31.00924492
81,CE,13.90098858,6.197007179,9.187682844,9.121403103,3.650159597,31.98577309
82,CE,14.65307426,6.208065033,9.204077218,9.304306882,3.943712473,33.19887543
83,CE,15.22043896,6.517285347,9.662527255,9.639732552,3.72678113,33.55081177
84,CE,15.97852039,6.734957695,9.985248279,9.772600251,4.206894398,34.5120697
85,CE,16.37613487,7.073945999,10.48783234,10.05640826,3.984353304,35.31214523
86,CE,16.94730949,6.907233238,10.240664,10.22681916,4.614988327,36.32190323
87,CE,17.17506981,7.037593842,10.43393663,10.45362064,4.520342827,36.95011139
88,CE,17.71263313,7.139476776,10.58498827,10.59118017,4.713934898,37.48410797
89,CE,17.75530815,7.283532143,10.79856475,10.81441859,4.674593925,37.93400574
90,CE,18.33943558,7.566293716,11.21778706,10.82364666,5.408972263,38.4908905
91,CE,18.59049988,7.671753883,11.37414231,11.03143171,4.829918861,39.2156105
92,CE,19.07374001,7.68807888,11.39834575,11.139804,5.129290104,40.00905609
93,CE,19.4962616,7.965221405,11.80923726,11.29522919,4.992632389,40.00275421
94,CE,19.84886932,7.877719879,11.67950749,11.31200094,5.547355175,41.13925171
95,CE,19.76244354,8.120780945,12.03986983,11.41353796,5.357659817,40.45582581
96,CE,20.49775505,8.235302925,12.20966012,11.4504794,5.695215702,41.61019516
97,CE,20.46063232,8.173962593,12.11871694,11.49423522,5.643258572,41.38562012
98,CE,20.81243896,8.025426865,11.89849787,11.56726857,6.530508995,41.91645813
99,CE,20.88438225,8.067388535,11.96071024,11.60416088,6.055936813,41.47793961
100,CE,21.4978447,8.303689957,12.31105073,11.58518743,6.558060646,42.20129395
101,CE,21.27594566,8.268895149,12.25946395,11.68394363,6.289959908,42.86709213
102,CE,21.88254547,8.21412468,12.17826125,11.69657384,7.36204195,43.15640259
103,CE,21.89287567,8.276540756,12.27079933,11.73730791,6.981052876,43.358284
104,CE,22.13861084,8.279244423,12.27480778,11.6908728,7.581755638,43.24862289
105,CE,22.18556213,8.277953148,12.27289334,11.71592296,7.252092838,43.747509
106,CE,22.95716858,8.306846619,12.3157308,11.63757315,8.117419243,44.14138412
107,CE,22.86585999,8.216344833,12.18155285,11.72590984,7.686144829,44.69602585
108,CE,23.36743355,8.126692772,12.0486347,11.67544132,8.017317772,45.04374695
109,CE,23.15417671,8.129089355,12.05218788,11.77441937,7.997104168,44.91685104
110,CE,23.69889069,8.030068398,11.90537941,11.68577354,8.267748833,45.11737442
111,CE,23.94289589,8.165018082,12.10545581,11.75958115,8.324477196,45.43450928
112,CE,24.10056496,8.402556419,12.45763015,11.71636411,9.091032028,45.74710846
113,CE,24.14463425,8.239067078,12.21524085,11.8460841,8.437336922,45.91917801
114,CE,24.81843376,8.302972794,12.30998746,11.76438589,9.275682449,46.55244064
115,CE,24.63577271,8.211830139,12.17485936,11.86954489,8.947225571,46.68467331
116,CE,25.14306641,8.343135834,12.36953319,11.78287631,9.701918602,46.68476868
117,CE,25.32075882,8.118965149,12.03717773,11.95471822,9.38670063,47.56418991
118,CE,25.42562675,8.329328537,12.34906249,11.85079484,9.776849747,47.25787354
119,CE,25.48882675,8.303369522,12.31057565,11.96719064,9.679098129,48.0316925
120,CE,25.93737602,8.053897858,11.94070896,11.88193101,9.965496063,47.79320145
121,CE,25.96345329,8.004896164,11.86805905,12.02158321,9.916547775,48.07184601
122,CE,26.54930115,8.268980026,12.25958979,11.97084989,10.38967609,48.9477005
123,CE,26.75508308,8.231899261,12.20461385,11.99334394,10.48616219,48.19959259
124,CE,26.75034714,8.196315765,12.15185775,11.98766872,10.87448597,49.36909103
125,CE,26.97115326,8.484449387,12.57904466,12.0547315,11.09387493,49.47023773
126,CE,27.36948204,8.306882858,12.31578453,11.94292797,11.37235165,49.82878876
127,CE,27.28067017,8.362762451,12.39863161,12.08331613,10.65420914,49.77749252
128,CE,27.807827,8.230407715,12.20240248,11.94456081,11.34547234,49.68412399
129,CE,27.65355873,8.120069504,12.03881505,12.00974388,11.56335354,49.52295303
130,CE,28.09875107,8.094572067,12.00101255,11.9715732,11.71494293,49.96380615
131,CE,28.22332954,8.018075943,11.88759939,11.99901569,11.40873241,49.96512222
132,CE,28.33192253,8.297027588,12.3011731,11.8591077,12.37255383,50.32090759
133,CE,28.3064003,8.046957016,11.93041847,11.9602586,12.33749008,50.11304092
134,CE,28.76109123,8.076215744,11.97379746,11.82744115,12.39920139,49.84179688
135,CE,28.54269981,8.17780304,12.12441079,11.85814494,12.20180511,50.43955612
136,CE,28.6648407,8.023733139,11.89598675,11.72684232,12.6537447,50.39434814
137,CE,28.88715935,8.021757126,11.89305711,11.81603235,12.3735857,50.39962387
138,CE,29.05169868,7.955978394,11.79553357,11.66336369,12.68438625,50.16517258
139,CE,28.87119102,7.878498077,11.68066125,11.70099524,12.38108444,50.32196045
140,CE,29.09708405,7.987127304,11.84171494,11.54228714,12.9745903,49.78905869
141,CE,28.68555641,7.978084564,11.82830817,11.61146596,12.81569481,49.56217194
142,CE,28.81428337,7.718706131,11.44375371,11.47233532,13.21936798,49.95561218
143,CE,28.93969917,7.641742706,11.32964774,11.4711113,12.980093,49.79867554
144,CE,28.93625832,7.677503586,11.38266682,11.40937841,13.15044022,49.96585083
145,CE,28.74813843,7.636375427,11.32169021,11.39364243,12.79822445,49.23074722
146,CE,28.914114,7.804941177,11.57160579,11.34440823,13.33991241,50.02438354
147,CE,28.83296585,7.595684052,11.26136117,11.27011993,13.14494228,49.29151154
148,CE,28.91549683,7.657016754,11.35229304,11.22789716,13.37147427,49.27965164
149,CE,28.62004471,7.616458893,11.29216195,11.24518532,13.28408241,49.45939636
150,CE,28.726408,7.466844559,11.07034374,11.15222161,13.23513412,49.42858887
151,CE,28.53580475,7.445085526,11.0380838,11.13321844,13.17213249,49.44616699
152,CE,28.56509209,7.336297989,10.8767954,11.09636125,13.68529224,49.50429153
153,CE,28.45865631,7.471078873,11.07662154,11.14575593,13.29797745,49.18907166
154,CE,28.87949371,7.408607483,10.98400145,11.0990957,13.51362419,49.58839035
155,CE,28.4132309,7.437984467,11.02755577,11.14601315,13.21473122,49.08398819
156,CE,28.99321175,7.64739418,11.33802661,11.10210081,14.14830685,48.8523674
157,CE,28.69754028,7.420358658,11.00142375,11.10227203,13.3784771,49.21220016
158,CE,28.97340584,7.52586174,11.15784262,11.11439518,13.8770895,50.00966263
159,CE,28.78057098,7.515625,11.14266563,11.13380879,13.68418694,49.65746307
160,CE,29.30311775,7.321651459,10.85508045,11.10685781,14.15117455,49.72831726
161,CE,28.80207825,7.418048859,10.99799924,11.11339629,13.79679775,49.92609024
162,CE,28.97278404,7.443717957,11.03605624,11.07979327,14.1135273,49.72083664
163,CE,28.82098389,7.52179718,11.1518165,11.19221318,13.75652981,49.68020248
164,CE,29.07735443,7.351558685,10.89942091,11.15064688,14.2434454,49.49053574
165,CE,28.89459991,7.544912338,11.18608703,11.10951427,14.05843735,49.66389847
166,CE,29.31261253,7.197952271,10.67168404,11.11649265,13.89396286,49.66466904
167,CE,28.85581398,7.350788116,10.89827846,11.15969717,14.18788528,49.61522675
168,CE,29.04954338,7.406908035,10.98148185,11.0964238,14.33287907,49.80678558
169,CE,28.85035896,7.406082153,10.9802574,11.11812104,13.76358128,49.29840851
170,CE,28.97312546,7.368312836,10.92426061,11.04558192,14.23905468,49.73617172
171,CE,28.46758842,7.494722366,11.11167538,11.11868056,13.6313448,49.23663712
172,CE,28.8384552,7.334217072,10.87371023,11.07637637,13.9371233,49.54752731
173,CE,28.57392311,7.292947769,10.81252436,11.05434956,13.4733305,49.01276016
174,CE,28.46146774,7.56685257,11.21861562,10.99226783,14.06307793,49.4021225
175,CE,28.36705589,7.481256485,11.09171086,11.1171443,13.73315239,49.12940216
176,CE,28.38342476,7.311891556,10.84061042,10.98804264,13.79565048,49.08648682
177,CE,28.10370064,7.412691116,10.99005585,11.01809142,13.74625874,49.46097183
178,CE,28.63404846,7.662574768,11.36053335,11.05744567,13.53192425,49.02268219
179,CE,27.98589897,7.495948792,11.11349368,10.97483436,13.69486046,48.24788666
180,CE,28.29251671,7.42660141,11.01067925,10.92304014,13.61641598,48.56812668
181,CE,28.30743027,7.418579102,10.99878538,10.91834904,13.71070099,48.40640259
182,CE,28.0562439,7.682506561,11.39008423,10.75760329,14.01663494,48.1583252
183,CE,27.85172653,7.288551331,10.8060062,10.88090311,13.18327904,48.53201294
184,CE,27.88541603,7.299795151,10.82267629,10.74598504,13.57750607,48.08152771
185,CE,27.76891327,7.416233063,10.99530714,10.80182972,13.44572639,48.09296036
186,CE,27.60245514,7.237276077,10.72998551,10.62705936,13.67778397,47.60625458
187,CE,27.31752014,7.368171692,10.92405135,10.75071792,13.15962219,47.58700943
188,CE,27.64717484,7.558813095,11.20669629,10.61604247,13.66454506,47.06022263
189,CE,27.52928352,7.172077179,10.63332163,10.72082895,13.20458031,47.53805542
190,CE,27.41727257,7.223424911,10.70944977,10.52433463,13.71413803,47.24501801
191,CE,27.39891624,7.526247025,11.15841384,10.69483579,13.09258366,47.1968689
192,CE,27.49411392,7.358535767,10.90976513,10.51017293,13.29391193,46.9828186
193,CE,27.66425896,7.703058243,11.42055415,10.69427358,13.23342037,47.60213852
194,CE,27.31198502,7.505117416,11.12708708,10.48543721,13.75580597,47.17614746
195,CE,27.49129868,7.411125183,10.9877342,10.68795301,13.65868473,46.86291885
196,CE,27.40930939,7.352333069,10.90056901,10.45976329,13.54077244,46.80805588
197,CE,27.26405907,7.548341751,11.19117148,10.62892074,13.36741352,47.3473587
198,CE,27.28299713,7.376689911,10.93668046,10.46380869,13.13865376,46.68259811
199,CE,27.26242447,7.641780853,11.32970429,10.67888,13.61314487,46.63365555
200,CE,27.16064072,7.348941803,10.89554112,10.45512315,13.4750824,46.80279541
201,CE,27.33569717,7.540882111,11.18011182,10.50939273,13.81708813,46.63429642
202,CE,27.63743591,7.182460785,10.64871636,10.34702178,13.61828136,46.25990677
203,CE,27.30773163,7.487251282,11.10059875,10.52249737,13.71652126,47.14174652
204,CE,27.08028793,7.636156082,11.32136501,10.31253936,14.07638741,46.24054718
205,CE,27.21089363,7.389162064,10.95517168,10.41145438,13.47628117,45.87401581
206,CE,27.04549217,7.512723923,11.13836449,10.27917142,13.28406811,46.46749496
207,CE,26.93663788,7.384231567,10.94786172,10.47026901,13.15450859,46.64918518
208,CE,27.02032471,7.513671875,11.13976992,10.23978815,13.88823128,45.35604858
209,CE,27.0013485,7.394571304,10.96319142,10.25788904,13.38767529,45.60413742
210,CE,26.93192482,7.013113022,10.39764137,10.07389132,13.59053421,45.16571808
211,CE,26.95147896,7.543714523,11.18431115,10.28800833,13.89153194,45.99012375
212,CE,26.87357712,7.229774475,10.71886364,10.08112603,13.61407566,45.41001129
213,CE,26.78463173,7.246137619,10.74312363,10.13028822,13.08545208,45.28285217
214,CE,26.53854752,7.112182617,10.54452195,9.949755626,13.46125603,45.19661713
215,CE,26.26106834,7.298225403,10.82034898,10.1300019,13.17858315,45.42160416
216,CE,26.30759239,7.015527725,10.40122141,9.807012872,13.04242516,44.47517395
217,CE,26.57568932,7.018705368,10.40593258,9.990605437,13.48617077,45.02277374
218,CE,26.00759506,6.839687347,10.14052046,9.854179826,13.05680656,44.26464462
219,CE,26.66229248,7.274108887,10.78459384,9.875969353,12.62258911,44.28229523
220,CE,25.81144524,6.887414932,10.21128138,9.847982296,13.45124531,44.8823204
221,CE,26.38288689,7.281101227,10.79496068,9.793578289,13.04569721,43.74837494
222,CE,25.97396469,6.841217041,10.14278839,9.522466023,12.91393661,43.0593605
223,CE,25.76963234,7.065570831,10.47541531,9.757497738,12.77355385,43.23706055
224,CE,25.68994713,7.205541611,10.68293599,9.519883736,12.6056757,42.41663361
225,CE,25.94904327,6.941385269,10.2912978,9.571347655,12.26163578,42.22631836
226,CE,25.40943718,6.627399445,9.825782417,9.391339817,12.75889587,43.01541519
227,CE,25.51706314,6.869825363,10.18520308,9.272354757,11.90973473,41.67632675
228,CE,25.40621376,6.628782272,9.827832597,9.309717608,12.48319626,42.18672562
229,CE,24.73078156,6.351827621,9.417219632,9.214375141,12.33523846,40.96154404
230,CE,25.06556511,6.917926788,10.25651826,9.161408914,12.09996319,41.10213852
231,CE,24.53440666,6.721889496,9.965873367,9.294480509,11.93591976,41.47612
232,CE,24.44491196,6.782779694,10.05614917,9.181018739,12.0864315,41.13902664
233,CE,23.9408741,6.426610947,9.52809339,9.266569041,11.26915359,40.77132416
234,CE,24.26634979,6.573474884,9.745833863,9.102733384,11.62109661,40.07767868
235,CE,23.58464622,6.395837784,9.482469098,9.112940944,10.95642376,40.43307877
236,CE,23.41135788,6.433664322,9.538550724,8.982776291,11.35048866,40.44485092
237,CE,22.96707153,6.518022537,9.663620214,9.076896496,11.4872036,39.44686127
238,CE,22.70663643,6.289810181,9.325272574,8.865695388,11.27412128,39.10255814
239,CE,21.94516373,6.31451416,9.361898694,8.827586589,10.50038433,38.2547493
240,CE,22.08673286,6.015426636,8.91847153,8.534303088,10.63759995,37.97250748
241,CE,21.79054832,6.338718414,9.397783921,8.666867706,9.857544899,37.5931282
242,CE,20.91296577,6.060658455,8.985532225,8.52109397,10.34644508,36.65740204
243,CE,20.9592514,6.360534668,9.430128699,8.418297781,10.08603573,37.00697708
244,CE,20.95869064,5.983078957,8.870512861,8.529693395,10.25672817,36.92422104
245,CE,20.98444176,5.978673935,8.863981976,8.222354439,10.58967113,35.7955513
246,CE,20.87733078,5.974611282,8.857958687,8.694491177,9.626921654,37.7311554
247,CE,20.71349335,5.968842506,8.8494059,8.264828297,9.854733467,35.80221558
248,CE,20.67206955,6.193351746,9.182263298,8.429896486,10.0654192,36.88418198
249,CE,20.89021301,6.359638214,9.428799616,8.412198028,9.792655945,35.74772263
250,CE,20.70093918,5.95936203,8.835350146,8.551565783,10.06960487,36.8635025
251,CE,20.58525276,5.900262833,8.747729676,8.443296202,9.918391228,36.64977646
252,CE,20.71268845,6.396332741,9.483202921,8.626546281,10.36336517,37.65655136
253,CE,20.99364662,5.998185158,8.892909315,8.494125823,9.955145836,36.3223381
254,CE,20.97878456,6.142414093,9.106743134,8.636977604,9.34685421,36.98183441
255,CE,21.51363373,6.285486221,9.318861872,8.54800012,10.05433083,37.17989349
256,CE,21.52309036,6.208582878,9.204844975,8.760060206,9.605733871,38.04690933
257,CE,21.14606476,6.231367111,9.238624879,8.71600523,9.970150948,36.97423553
258,CE,21.43003273,6.289014816,9.324093367,8.90608855,9.919043541,37.810215
259,CE,22.33621788,5.880506516,8.71843896,8.66156531,11.15602207,38.36785507
260,CE,21.74552155,6.176988602,9.158003301,8.780787981,10.83651829,39.65027618
1,CB,5.888842106,3.643973351,5.402554889,5.059311514,0,16.19431496
2,CB,6.303796768,3.151898384,4.673004544,4.63611768,0,15.91829491
3,CB,5.756844997,3.032711744,4.496298432,4.515683335,0,14.69901562
4,CB,5.639424324,3.040748,4.508212985,4.449946995,0,14.62981129
5,CB,5.534139633,2.911952138,4.31726024,4.232469076,0,13.93434525
6,CB,6.191236973,2.98948288,4.432207317,4.554018238,0,15.70460129
7,CB,6.045252323,3.062558889,4.540549809,4.510614991,0,15.3290329
8,CB,5.936193943,3.12780261,4.63728015,4.522914413,0,15.27308273
9,CB,5.421922207,2.632841706,3.903451114,4.176377686,0.354483455,14.43186378
10,CB,5.729772091,2.787688136,4.133026431,4.259118748,0,14.34629917
11,CB,5.408390999,2.680564165,3.974204431,4.154743442,0,14.14981651
12,CB,5.747288704,2.695118546,3.995782757,4.389622519,0.277435184,15.5013628
13,CB,5.510567665,2.89236474,4.288219964,4.37890705,0.285059214,15.2095356
14,CB,6.085826397,2.869625211,4.254506337,4.510366378,0.553822637,16.13030243
15,CB,5.604336739,2.78206408,4.124688205,4.260657493,0.488657922,14.98550892
16,CB,6.026845932,2.818018913,4.177994841,4.416085358,0.726886451,15.61308575
17,CB,6.039725304,2.822596788,4.184781998,4.345756617,0.722813487,16.0697403
18,CB,6.513271809,2.847020864,4.220993134,4.404047335,0.677198291,16.65917397
19,CB,6.192693233,2.991361141,4.434992028,4.496737347,0.638693511,15.85749149
20,CB,6.49895668,2.937301517,4.354843228,4.615617831,0.811133146,16.70270157
21,CB,6.39559412,3.02956295,4.49163003,4.550168031,0.91295135,15.96360588
22,CB,6.83659029,3.06344521,4.541863869,4.642602759,0.962128818,16.58545494
23,CB,6.621167183,3.013170362,4.467326378,4.551791994,1.179548621,17.01953888
24,CB,7.147391319,3.108384848,4.608491375,4.577850018,1.525693178,16.36682892
25,CB,6.76660347,2.939535618,4.358155507,4.580629577,1.166091561,16.55265999
26,CB,6.977379322,3.228134871,4.786032759,4.785532683,1.383256316,17.31717682
27,CB,7.048953056,3.051985741,4.524874059,4.664882965,1.254363418,17.07996178
28,CB,7.409983635,3.118551016,4.623563736,4.705532808,1.494951367,17.50701332
29,CB,7.289642334,3.133760214,4.646112893,4.734640321,1.462359905,17.54791641
30,CB,7.449486256,3.277917147,4.859839962,4.834951627,1.850954294,18.01731491
31,CB,7.347026825,3.262197018,4.836533298,4.819103555,1.566938519,17.79123688
32,CB,7.790187836,3.2692523,4.84699346,4.912797951,1.831785083,18.15636063
33,CB,7.515022278,3.296267033,4.887045503,4.975524334,1.531730533,18.52116013
34,CB,7.932844639,3.330868244,4.938345259,4.962566461,1.634462237,18.70269585
35,CB,7.593440056,3.144800663,4.662481463,4.974807974,1.75942719,18.7356205
36,CB,8.069019318,3.20286274,4.748564298,4.991364338,2.005028963,18.44291878
37,CB,7.993929386,3.326114893,4.93129794,5.019640571,1.613471866,18.87565231
38,CB,8.261908531,3.331288338,4.938968089,5.029660347,2.044280767,18.82240486
39,CB,8.114788055,3.475600481,5.152925273,5.180968169,1.824612021,19.29785728
40,CB,8.39732933,3.451124191,5.116636726,5.16840971,2.160494089,19.09701157
41,CB,8.064227104,3.3256495,4.930607949,5.20517059,1.960665226,18.98034096
42,CB,8.550731659,3.453753233,5.120534543,5.207185636,2.132911444,19.41356277
43,CB,8.196977615,3.551785469,5.265877136,5.213131681,1.75283277,19.56068993
44,CB,8.374922752,3.319394112,4.92133371,5.143625155,2.350283384,19.39793205
45,CB,8.171370506,3.598114014,5.334563837,5.201809242,1.948541403,19.15517044
46,CB,8.422216415,3.310876369,4.908705305,5.085902838,2.328288555,19.40827179
47,CB,8.221941948,3.349545956,4.966036834,5.120012476,1.801822186,19.41711998
48,CB,8.393678665,3.404230595,5.04711228,5.015192927,1.920634031,18.96198273
49,CB,7.849781513,3.29991293,4.892450909,4.970959471,1.737718821,18.70024109
50,CB,8.164240837,3.174628258,4.706703855,4.9199494,1.912064672,18.38272095
51,CB,7.993416309,3.292394876,4.881304644,4.958983664,1.642243028,18.44048691
52,CB,8.0020895,3.292039871,4.880778313,4.94020004,1.933786988,18.84265709
53,CB,8.089877129,3.265170336,4.84094154,4.984094189,1.735549569,18.84242249
54,CB,8.498905182,3.32866621,4.935080523,5.074796237,2.128300428,18.97476959
55,CB,8.478302002,3.491354465,5.176282131,5.241940663,2.023078918,19.95966911
56,CB,8.848287582,3.36952281,4.995654518,5.240490635,2.081611633,19.68702507
57,CB,8.505474091,3.578865767,5.306026385,5.327020224,1.885799408,19.492733
58,CB,8.757086754,3.377046824,5.006809621,5.095097911,2.258857012,19.73449898
59,CB,8.329854012,3.431828737,5.088029286,5.207200723,1.907171369,19.45347214
60,CB,8.732193947,3.354930162,4.974019459,5.126761473,2.320301771,19.93148613
61,CB,8.335126877,3.347188473,4.96254163,5.201197687,2.17369628,19.92976761
62,CB,8.722008705,3.384845495,5.018371931,5.1894928,2.216798067,19.77251244
63,CB,8.356824875,3.515532494,5.212128475,5.220156972,2.153208733,19.82867813
64,CB,8.785504341,3.469015121,5.143161819,5.216891876,2.384834528,20.11686325
65,CB,8.633132935,3.426775455,5.08053729,5.210920395,2.15253973,20.08552361
66,CB,8.67800045,3.517571211,5.215151077,5.219097178,2.290661097,20.11163712
67,CB,8.583928108,3.503019333,5.193576463,5.227724766,2.070709467,20.17161751
68,CB,8.831762314,3.478783131,5.157643869,5.191955675,2.247143984,19.77324867
69,CB,8.434339523,3.431589127,5.087674039,5.281764424,2.075772762,19.68601036
70,CB,8.823721886,3.454780102,5.122056979,5.222518425,2.301714897,20.0452137
71,CB,8.739412308,3.554109573,5.269322853,5.34093037,2.043538809,20.22369194
72,CB,9.043948174,3.629739761,5.38145217,5.412026784,2.504968166,20.5996666
73,CB,9.349485397,3.779383183,5.603313506,5.576994322,2.476073503,20.78508949
74,CB,10.09350204,3.803573608,5.639178232,5.742179375,2.887070894,22.26662254
75,CB,10.56951332,4.01982379,5.95979075,6.072845604,3.082472801,22.86471558
76,CB,11.11802387,4.2961061,6.369406904,6.262860613,3.386845112,24.01075554
77,CB,11.70793247,4.40281558,6.527614379,6.621887357,3.257061005,24.72390175
78,CB,12.34579563,4.453802347,6.60320736,6.815998519,4.04933548,25.81296158
79,CB,12.88010406,4.766505241,7.066820671,7.189380842,3.837937832,27.48278236
80,CB,13.68369865,4.898917675,7.263135345,7.397804958,4.561233044,28.39450645
81,CB,14.17050838,5.091772556,7.549061992,7.773089888,4.31905508,30.0086422
82,CB,14.68451691,5.16850996,7.662832867,7.905141833,4.868975163,31.35208511
83,CB,15.14466286,5.486590862,8.134419612,8.214945894,4.848815441,31.8113842
84,CB,16.00777245,5.568954468,8.256531894,8.425536207,5.277030945,33.42527008
85,CB,16.64173317,5.941906929,8.809471213,8.778884331,5.356521606,33.75453949
86,CB,17.54367638,5.911275864,8.764057595,8.898507223,5.699694157,35.17871475
87,CB,17.57411575,5.932802677,8.795973249,9.117853418,5.510709286,36.29202652
88,CB,18.08611488,5.97644043,8.860670581,9.078826829,6.198353767,36.55651093
89,CB,17.99378204,6.166683674,9.142725215,9.287775623,5.85026741,36.81631088
90,CB,18.51474953,6.146485806,9.112779855,9.368888301,6.130991936,37.11345291
91,CB,18.46855736,6.367081642,9.439835243,9.551808766,5.924019814,36.8415451
92,CB,19.12825584,6.443228722,9.552730903,9.60947478,6.32394743,38.36057663
93,CB,18.8491497,6.41356945,9.508758067,9.715808027,6.072071075,38.05158615
94,CB,19.65738297,6.654742241,9.866320846,9.772926086,6.486749649,39.29549408
95,CB,19.61202049,6.582499981,9.759214472,9.896756519,6.371438026,38.61240387
96,CB,19.81852341,6.573726177,9.74620643,9.899399092,6.810397148,39.46518326
97,CB,20.20299911,6.707082272,9.943920176,9.99023235,6.665090084,39.03635025
98,CB,20.56765747,6.6530509,9.863813264,10.08475695,6.859778404,40.61814499
99,CB,20.59946632,6.760052681,10.0224541,10.11046783,6.803723335,40.22951126
100,CB,21.0760746,6.59097147,9.771774301,10.10870428,7.103308678,40.64050293
101,CB,21.19963264,6.611050606,9.801543628,10.19710039,7.054649353,40.94321823
102,CB,21.76552391,6.741360664,9.994741321,10.14513629,7.685889721,41.71833801
103,CB,21.8724308,6.625856876,9.823495405,10.2008324,7.398041725,41.4115448
104,CB,22.41872787,6.922431469,10.2631969,10.20485545,7.790671349,41.72416687
105,CB,22.59503174,6.831262112,10.12802921,10.26455555,7.879878044,42.07085037
106,CB,22.38439941,6.694028378,9.924566473,10.23786576,7.980246067,42.11827087
107,CB,22.86688614,6.732444763,9.981522606,10.26416721,8.28149128,42.09769821
108,CB,22.93437004,6.93447113,10.2810469,10.27087205,8.506297112,42.97268677
109,CB,23.14038467,7.006031036,10.38714161,10.30374179,8.627788544,42.42647934
110,CB,23.66277122,6.908642769,10.24275377,10.24142467,9.282307625,43.43141174
111,CB,23.59832573,7.005579948,10.38647283,10.32533383,8.593960762,43.57256699
112,CB,23.70848846,6.799121857,10.08037806,10.34754388,9.040212631,43.36951065
113,CB,23.8487072,6.716135979,9.957343202,10.35965621,9.212823868,43.35922241
114,CB,24.22640038,6.83476162,10.13321758,10.32344208,9.534687996,44.56264114
115,CB,24.37755013,6.845482826,10.14911284,10.35035277,9.537701607,44.41959763
116,CB,24.87056923,6.869363785,10.18451875,10.33870373,9.853889465,44.75836563
117,CB,24.75009346,6.863572121,10.17593203,10.47547047,10.04705906,44.5265007
118,CB,25.27516937,6.822468758,10.11499218,10.39765727,10.27071381,45.22745895
119,CB,25.33622551,6.924468994,10.26621773,10.45921875,9.870315552,45.10360718
120,CB,25.54210091,6.747437477,10.0037508,10.41501799,10.6352005,46.01409531
121,CB,25.49092674,6.950764656,10.30520368,10.54551544,10.43186188,46.0357933
122,CB,26.1737709,6.673130989,9.893584004,10.40487645,10.48069668,46.25395203
123,CB,25.96967316,6.635960579,9.838475154,10.52546833,10.87298107,45.98135376
124,CB,26.43186569,6.574538231,9.747410381,10.42508211,10.89607143,46.12080383
125,CB,26.5418644,6.705117226,9.941006799,10.43308563,10.68314743,46.27061844
126,CB,26.71899033,6.632660866,9.833583,10.49634435,11.30825806,47.60921097
127,CB,26.85954857,6.574755669,9.747732754,10.5049074,11.14212894,47.42401123
128,CB,27.11469841,6.568505287,9.738465939,10.44292645,11.51155949,47.51236725
129,CB,27.14553452,6.664143562,9.880259245,10.48046446,11.07280445,47.0552063
130,CB,27.54182816,6.598100662,9.782344042,10.40170993,11.6341238,47.10278702
131,CB,27.51916313,6.455873489,9.571478035,10.43229622,12.02582073,47.84413528
132,CB,27.5842762,6.394570351,9.480590002,10.39165722,11.80975342,47.71919632
133,CB,27.88327217,6.591878891,9.773119644,10.42900296,11.97235298,47.65336227
134,CB,28.09414482,6.454286575,9.569125277,10.29377047,12.00480366,47.81553268
135,CB,27.93435097,6.3786726,9.457019996,10.29934693,12.13343239,47.87362671
136,CB,28.47952461,6.513158798,9.656409234,10.26334318,12.48384762,47.83444595
137,CB,28.28242493,6.450271606,9.563172684,10.27062523,11.9812851,47.23754883
138,CB,28.28420258,6.445550919,9.556173792,10.20437439,12.59396172,48.14522934
139,CB,28.25722694,6.239483833,9.250658731,10.18928887,12.36432362,47.47581482
140,CB,28.34590912,6.22898674,9.235095741,10.12582111,12.56426716,47.86109924
141,CB,28.13104057,6.184715271,9.169458861,10.14070489,12.69339752,47.13634491
142,CB,28.49877357,6.265110016,9.28865211,10.00647497,12.38317108,47.2376976
143,CB,28.2973671,6.339169502,9.398452704,10.04677574,12.42245102,47.08325958
144,CB,28.43079948,6.04886055,8.968040651,9.982473049,12.98740101,47.0173645
145,CB,28.11587143,6.176249504,9.156907515,9.965112276,12.55166245,47.19341278
146,CB,28.42485237,6.208422661,9.204607437,9.841746522,12.93162537,46.50749207
147,CB,28.156147,6.097466469,9.040103787,9.919940725,12.58031845,47.0413475
148,CB,28.27049255,6.065527916,8.992751688,9.882693743,12.73422813,46.60157394
149,CB,28.12270737,6.010498047,8.911164404,9.855180356,12.67817974,46.88097
150,CB,28.47900391,6.15745163,9.129037786,9.807783358,13.05195522,46.86653137
151,CB,28.30334091,6.064465523,8.991176584,9.813830864,12.76107121,46.54407883
152,CB,28.30064774,5.982625961,8.86984125,9.766661362,13.33946705,46.40467834
153,CB,28.36917114,6.092991829,9.033469686,9.786968056,12.85824108,45.9997406
154,CB,28.41308022,5.975156784,8.858767448,9.837993583,13.61313915,46.01646805
155,CB,28.35498428,6.04629612,8.964238627,9.721773631,13.21261978,45.87170029
156,CB,28.78700638,6.130153656,9.08856581,9.758840845,13.35748482,46.44985199
157,CB,28.29989433,5.834996223,8.650965401,9.719630972,13.32143688,46.54189301
158,CB,28.78640938,6.188063622,9.174423125,9.755902741,13.5606184,46.61903
159,CB,28.41677094,6.044171333,8.961088419,9.770579182,13.17007637,46.58493042
160,CB,28.85897064,6.2113657,9.208970786,9.746983237,13.81298637,46.59456253
161,CB,28.70768166,6.076565742,9.00911637,9.704313939,13.54453087,46.23790741
162,CB,28.79922485,6.106939316,9.05414823,9.784646657,13.60515118,46.52655411
163,CB,28.60955429,6.124528885,9.080226525,9.691274802,13.57425213,45.66791534
164,CB,29.0772686,6.250860214,9.267525354,9.750277613,13.70057964,46.78639603
165,CB,28.67176819,6.1086483,9.05668197,9.693913252,13.70206833,45.84165573
166,CB,29.12578583,6.297662735,9.336914771,9.738889831,13.38309097,46.37064743
167,CB,28.70462799,6.276435852,9.305443794,9.678695271,13.81128693,46.04040909
168,CB,28.99929428,6.113693237,9.064161594,9.72652405,13.47629547,47.0610466
169,CB,28.43039513,6.125950813,9.082334676,9.69533955,13.87800217,45.39105988
170,CB,28.71834755,6.120965958,9.074944129,9.654581038,14.05700588,45.85748672
171,CB,28.6079731,5.944213867,8.812891479,9.636167562,13.62362289,45.40190887
172,CB,28.53294373,6.136930466,9.098613108,9.691991656,14.09081364,46.13115311
173,CB,28.56859398,5.956573486,8.831215851,9.534849809,13.5947485,45.59955597
174,CB,28.74607658,6.149862289,9.11778583,9.611077614,13.7156601,45.70521927
175,CB,28.54963303,6.107197762,9.054531401,9.551683606,13.58445644,45.01508331
176,CB,28.27850914,6.026060104,8.934236711,9.591170228,13.83947754,45.31222534
177,CB,28.36249733,6.240145683,9.25163999,9.624526012,13.77573967,44.92245865
178,CB,28.59819221,6.055086136,8.977270705,9.559665858,13.87839031,45.13842773
179,CB,27.85030174,6.049295425,8.968685398,9.548626101,13.34834194,44.19128036
180,CB,27.94385338,6.223689079,9.227241429,9.478806603,13.79877186,44.73775864
181,CB,27.6872673,6.109951019,9.058613381,9.461161437,13.1274662,44.28759003
182,CB,27.76222038,6.122160912,9.076715767,9.42248142,13.27968884,44.04442596
183,CB,27.78585243,6.290528297,9.326337254,9.432538375,13.51829433,44.36732483
184,CB,27.76550865,6.0226717,8.929213062,9.341267225,13.537323,44.12965012
185,CB,27.44657898,6.113006592,9.063143573,9.357291088,13.15276623,43.5567131
186,CB,26.99799728,6.159894943,9.132660243,9.347248673,13.80414867,43.67243576
187,CB,27.2712822,6.068004608,8.996423632,9.374562267,12.77308083,44.2006073
188,CB,27.16270828,5.941203117,8.808427742,9.300209947,13.17933464,43.67352676
189,CB,27.02225304,6.390408516,9.474419666,9.38071125,12.24006939,43.55831909
190,CB,27.07855225,5.971487999,8.853328107,9.134744333,12.95936203,42.96387863
191,CB,27.2474575,6.161499023,9.135038452,9.315586935,12.88176823,43.50091171
192,CB,27.06093407,5.909934998,8.762069627,9.188685432,12.60591984,43.17889786
193,CB,27.02578163,6.392507553,9.477531698,9.359802445,12.7910347,43.21498108
194,CB,27.15048981,6.084560394,9.020969241,9.178413687,12.96184254,42.77030945
195,CB,26.8580246,5.959246635,8.835179062,9.305015943,12.44974136,42.72084045
196,CB,26.97517967,5.952171326,8.824689207,9.155760635,12.84695244,43.44823074
197,CB,27.02392197,5.999288559,8.894545218,9.303339693,12.93605518,43.04545593
198,CB,27.27680588,6.128603935,9.086268194,9.093225259,13.20433998,43.104702
199,CB,27.35505676,6.226038933,9.230725322,9.290093704,13.32473755,43.42197037
200,CB,26.73056602,6.165186882,9.140506071,9.164781433,12.80475807,42.34248352
201,CB,26.9108963,6.372073174,9.447235687,9.299310477,12.29407883,42.53218842
202,CB,26.86816597,6.206252098,9.201389361,9.170562446,12.89953995,43.19030762
203,CB,26.99457741,6.077222824,9.010090559,9.35026651,12.33845806,43.61891174
204,CB,26.80415154,6.087495804,9.025321279,9.117478146,13.0424614,42.54840851
205,CB,26.76189995,6.274269104,9.302231374,9.313145763,12.51835632,43.23355103
206,CB,26.80930901,6.019741058,8.924868093,9.055364763,12.84612751,42.11410904
207,CB,26.83637047,6.171683311,9.150137678,9.283507035,13.09243774,42.83518219
208,CB,26.50609779,6.102373123,9.047378392,9.016215166,12.06974125,42.14203262
209,CB,26.34947205,6.32924366,9.38373665,9.272407147,12.50462818,42.85498047
210,CB,26.60683632,6.2635746,9.286375702,9.191595046,12.96899319,42.47485733
211,CB,26.36936188,6.230414391,9.237212375,9.325858929,12.6840477,42.33916092
212,CB,26.58205605,6.027862549,8.936909015,8.910619774,12.71438026,41.29899216
213,CB,26.65781212,6.162884712,9.137092874,9.022962952,12.76208973,41.89696503
214,CB,26.62025452,6.222285271,9.225160142,9.043633214,12.50246048,42.26886368
215,CB,26.35289192,6.481007576,9.608741832,9.111289903,12.42040348,41.79483414
216,CB,25.94311714,5.971422195,8.853230547,8.877717634,12.65585423,41.48983002
217,CB,26.48935699,6.404631615,9.495506832,9.000898758,12.24424362,41.32566071
218,CB,26.17101669,5.920633316,8.777930954,8.853675253,12.09489155,41.20602036
219,CB,26.06886482,6.382308006,9.46240985,8.927584313,12.34277344,40.03399277
220,CB,26.15742874,5.949893951,8.821312772,8.688360021,12.67114544,40.9753685
221,CB,25.9676857,6.001688004,8.898102634,8.687434552,12.29092979,40.40960693
222,CB,25.98293686,6.146021843,9.112091984,8.786690946,12.01769352,40.79629898
223,CB,25.59820175,6.221683502,9.22426796,8.641437025,12.41685772,40.53474426
224,CB,25.93568611,5.885893822,8.72642618,8.556198915,11.71291065,39.63119125
225,CB,25.10890198,5.852526665,8.676956033,8.633753595,11.84473991,40.41308212
226,CB,25.12200546,5.976904869,8.861359159,8.645849673,11.57215118,39.83406448
227,CB,25.11668587,6.019955635,8.925186225,8.510035774,11.88481331,39.78711319
228,CB,24.83010101,6.052519798,8.973465853,8.333811541,12.52041817,38.72413635
229,CB,24.60570526,5.969390869,8.850218903,8.484149654,11.09360313,39.45719528
230,CB,24.86891365,5.809419632,8.613045546,8.336022849,11.86188984,39.12213516
231,CB,24.22323036,5.869003296,8.701384286,8.264120299,11.47717476,37.64647675
232,CB,23.92042542,5.705194473,8.458521326,8.199738315,11.44678593,38.02235031
233,CB,24.34035683,5.862487793,8.691724402,8.317162631,11.3080883,37.88903427
234,CB,24.15823555,5.589071274,8.286357071,8.046440085,11.52465534,36.89825821
235,CB,23.31965065,5.803104401,8.603682584,8.169952196,11.07311344,36.29941559
236,CB,23.3864727,5.605910301,8.311322613,7.909255569,11.3993082,36.31454468
237,CB,23.09498215,5.467341423,8.105880394,7.771099689,10.93476772,35.86603546
238,CB,22.78484344,5.415107727,8.028438716,7.682083399,10.71542645,35.92972183
239,CB,22.02896118,5.75631237,8.53430872,7.599701836,10.51956654,34.89199448
240,CB,21.80630493,5.460297585,8.095437199,7.643538497,10.34875488,34.53766251
241,CB,21.53245735,5.282624245,7.832018705,7.326224365,10.28001118,34.02874374
242,CB,21.25236511,5.415463448,8.028966107,7.430753057,10.0399065,33.44150925
243,CB,21.01737022,5.155499935,7.643544204,7.53202858,9.803580284,33.74455643
244,CB,21.48453712,5.189662933,7.694194265,7.177178088,9.923384666,32.84125519
245,CB,20.27114105,4.876821995,7.230376289,7.177446134,10.42172623,32.73292542
246,CB,20.80615234,5.101164818,7.562986959,7.351849246,9.757133484,33.73807907
247,CB,20.83114433,4.818757057,7.144289213,7.220173518,10.09363651,33.32381058
248,CB,20.77290916,5.351538658,7.934191215,7.442296764,10.30066681,33.77388763
249,CB,20.84955978,5.271229267,7.815124511,7.163172888,9.799111366,32.5075798
250,CB,21.0213356,5.011919975,7.430672555,7.304516052,10.05717087,32.93331146
251,CB,21.27654839,4.900201797,7.265039185,7.300684101,9.918391228,32.75785446
252,CB,21.23050499,5.159656525,7.649706763,7.381739183,10.24351215,33.6857338
253,CB,20.91164017,5.281868458,7.830898176,7.315693319,9.817745209,33.44369125
254,CB,21.70342827,5.170449257,7.665708068,7.626212325,9.873699188,34.69193649
255,CB,21.41693878,5.335205078,7.909975049,7.607431707,9.60879612,34.04838181
256,CB,21.41091156,5.036133766,7.466571922,7.505151642,10.47093105,33.71298218
257,CB,21.82803917,5.133653641,7.611154888,7.511486045,9.718462944,34.21387482
258,CB,21.87188911,5.615438461,8.325449063,7.83320189,10.14665508,35.33203888
259,CB,22.35721016,4.944509506,7.330729794,7.362099188,11.12007809,34.93172073
260,CB,22.21149635,5.340684891,7.918099419,7.637545251,10.48182964,35.14124298
